id,start_date,end_date,recorded_date,gender,age,enrolment_school,student_status,citizenship,ethnic_group,current_circumstance,exercise,music,chores,sleep,control_thoughts,evalaute_situation,perspective_taking,avoid_thing,alone,relaxation_techniques,stress_management,religious_activity,change_location,call_someone,internet,music_info_4,music_info_5,date,covid_stress,emotional_response,wellbeing,psycheck,prop_miss_all,artist_result,song_result,uri_result,danceability,energy,key,loudness,mode,speechiness,acousticness,instrumentalness,liveness,valence,tempo
19,2020-04-24T08:42:24Z,2020-04-24T08:55:40Z,2020-04-24T08:55:41Z,Female,17,"Other, please write below",Domestic,Australia,Australian (Caucasian),Staying at home for study/work,4,5,4,5,3,3,4,4,4,4,4,1,4,5,4,Julie Byrne,Follow My Voice,2020-04-24T00:00:00Z,40,44,21,10,0,Julie Byrne,Follow My Voice,7pT3faDXSC5tNAlIKmtrYf,0.408,0.0811,2,-14.655,1,0.0402,0.959,4.38e-5,0.133,0.177,111.263
20,2020-04-24T10:18:55Z,2020-04-24T10:35:00Z,2020-04-24T10:35:00Z,Male,18,"Other, please write below",Domestic,"USA, Australia",European American,Staying at home for study/work,5,3,4,5,1,4,3,2,4,1,5,1,4,1,3,KT Tunstall,Other Side of the World,2020-04-24T00:00:00Z,38,55,23,10,0,KT Tunstall,Other Side Of The World,4A9E08l34BkPsCDAmOpHxb,0.501,0.684,2,-5.368,1,0.0302,0.485,0,0.083,0.369,80.039
21,2020-04-24T11:22:39Z,2020-04-24T11:28:11Z,2020-04-24T11:28:11Z,Female,17,"Other, please write below",Domestic,Australia,Chinese-Australian,Staying at home for study/work,6,6,5,3,6,6,6,6,6,6,6,1,1,1,6,Friday Night Plans,Plastic Love,2020-04-24T00:00:00Z,37,55,23,7,0,Friday Night Plans,Plastic Love,0K9rIsZfdlzAoOEWyeFQYM,0.833,0.618,0,-8.932,1,0.0564,0.64,0.00205,0.0969,0.863,103.507
22,2020-04-24T11:56:43Z,2020-04-24T12:10:19Z,2020-04-24T12:10:20Z,Female,17,"Other, please write below",Domestic,Australia,Chinese/Vietnamese,Staying at home for study/work,5,5,4,3,1,3,5,4,3,4,5,6,5,6,5,"Bethel Music, Kristene Dimarco",It Is Well,2020-04-25T00:00:00Z,49,40,22,12,0,"Bethel Music,Kristene Dimarco",It Is Well (Live),5t0izTLPeWYLiIfHPJbORJ,0.282,0.251,4,-10.648,0,0.0315,0.699,1.47e-5,0.11,0.11,129.826
27,2020-04-26T19:48:01Z,2020-04-26T20:05:55Z,2020-04-26T20:05:55Z,Female,17,"Other, please write below",Domestic,Australia,Australia,Staying at home for study/work,5,6,1,2,2,3,3,4,5,1,1,1,5,1,4,Miley Cyrus,The Climb,2020-04-27T00:00:00Z,35,53,23,9,0,Miley Cyrus,The Climb,0V8FYVlBFuXXTIvRnMbZyS,0.327,0.588,4,-6.611,1,0.0336,0.0834,0,0.104,0.329,161.074
32,2020-04-26T20:43:21Z,2020-04-26T20:50:11Z,2020-04-26T20:50:12Z,Female,17,"Other, please write below",Domestic,Australian,white,Staying at home for study/work,5,6,4,6,2,2,2,4,6,3,1,1,5,4,5,Novo Amor,anchor,2020-04-27T00:00:00Z,50,66,13,0,0,Novo Amor,Anchor,7qH9Z4dJEN0l9bidizW7fq,0.457,0.407,9,-11.475,1,0.0308,0.805,0.884,0.126,0.126,117.053
34,2020-04-26T21:14:52Z,2020-04-26T21:23:14Z,2020-04-26T21:23:14Z,Prefer not to say,18,"Other, please write below",Domestic,"Thailand, Australia","Australian, Thai",Staying at home for study/work,1,4,1,2,2,3,2,1,4,5,5,1,1,1,4,NCT Dream,Fireflies,2020-04-27T00:00:00Z,44,72,19,15,0,NCT DREAM,Fireflies (THE OFFICIAL SONG OF THE WORLD SCOUT FOUNDATION),1F9FQp9dnnQWTkaK6Nzm1W,0.744,0.674,1,-3.736,1,0.15,0.00253,0,0.201,0.73,127.941
35,2020-04-26T20:07:57Z,2020-04-26T21:57:32Z,2020-04-26T21:57:32Z,Female,17,"Other, please write below",Domestic,Australia,Australian,"Other, please specify",1,5,3,5,2,2,2,4,5,2,4,1,4,3,5,Dodie,Burned Out,2020-04-27T00:00:00Z,48,81,14,8,0,dodie,Burned Out,2FhTvTUcbTRIxvNmdpjtbw,0.518,0.14,5,-16.925,1,0.0506,0.981,0.00122,0.104,0.209,109.75
36,2020-04-26T21:46:46Z,2020-04-26T22:00:08Z,2020-04-26T22:00:08Z,Female,17,Psychology,Domestic,Australia,Sri Lankan,Staying at home for study/work,5,5,4,4,5,5,4,4,4,5,5,4,5,4,4,My heart will go on,Céline Dion,2020-04-27T00:00:00Z,31,46,26,12,0,Céline Dion,"My Heart Will Go On - Love Theme from ""Titanic""",33LC84JgLvK2KuW43MfaNq,0.428,0.276,4,-11.729,1,0.0312,0.732,5.33e-6,0.117,0.0382,99.195
37,2020-04-26T21:50:55Z,2020-04-26T22:06:44Z,2020-04-26T22:06:45Z,Female,17,"Other, please write below",Domestic,Australia,Albannaich,"Other, please specify",2,4,5,5,5,6,4,5,6,3,5,1,4,1,3,Marconi union,Weightless,2020-04-27T00:00:00Z,57,49,18,6,0,Marconi Union,Weightless,6kkwzB6hXLIONkEk9JciA6,0.139,0.22,2,-19.974,0,0.0324,0.856,0.831,0.17,0.0789,71.432
38,2020-04-26T22:43:32Z,2020-04-26T22:51:48Z,2020-04-26T22:51:48Z,Female,17,"Other, please write below",Domestic,Australia and Romania,Romanian,Staying at home for study/work,4,6,5,4,2,5,1,6,4,4,4,1,6,3,2,Blood orange,Champagne coast,2020-04-27T00:00:00Z,41,47,21,11,0,Blood Orange,Champagne Coast,2KufM8PiQY4i52XhRL96Fd,0.813,0.406,9,-12.626,1,0.0662,0.0203,0.392,0.0757,0.755,122.658
39,2020-04-26T22:48:25Z,2020-04-26T23:01:19Z,2020-04-26T23:01:19Z,Female,17,"Other, please write below",Domestic,Australia and uk,Caucasian,Staying at home for study/work,2,5,4,5,4,4,3,5,5,1,6,1,4,4,5,Nicholas Britell,A rose in Spanish Harlem,2020-04-27T00:00:00Z,37,66,19,7,0,Nicholas Britell,A Rose in Spanish Harlem (Bonus Track),3jbDmjnUYXoEbuwHEnt12O,0.103,0.267,7,-19.286,1,0.0488,0.74,0.838,0.07,0.0405,88.98
40,2020-04-26T23:03:04Z,2020-04-26T23:14:32Z,2020-04-26T23:14:33Z,Female,18,"Other, please write below",Domestic,New Zealand,Caucasian,"Other, please specify",3,5,3,4,5,3,3,5,5,4,4,1,5,2,3,Cosmo Sheldrake,Green Grass,2020-04-27T00:00:00Z,52,68,19,6,0,Cosmo Sheldrake,Green Grass - Live in Fingringhoe Wick,4QzGvJ4vc5A5jL5wkm1PhB,0.445,0.828,11,-17.913,1,0.582,0.713,0.0172,0.206,0.0749,92.276
41,2020-04-26T23:09:47Z,2020-04-26T23:20:43Z,2020-04-26T23:20:43Z,Male,17,"Other, please write below",Domestic,Australia,Chinese,Staying at home for study/work,5,4,1,2,5,5,5,4,4,1,1,1,1,1,1,Sci-Inspi,Expired Milk,2020-04-27T00:00:00Z,48,47,20,13,0,Sci-Inspi,Expired Milk,3QNOCxPn3FBTdeZIXWdfeH,0.665,0.0553,3,-17.873,1,0.137,0.979,0.946,0.106,0.116,120.514
42,2020-04-26T23:30:02Z,2020-04-26T23:50:51Z,2020-04-26T23:50:51Z,Female,18,"Other, please write below",Domestic,Australia,Caucasian,Staying at home for study/work,4,4,3,2,3,4,3,2,3,1,3,1,4,2,2,Gorillaz,Feel good inc.,2020-04-27T00:00:00Z,45,45,17,9,0,Gorillaz,Feel Good Inc.,0d28khcov6AiegSCpG5TuT,0.818,0.705,6,-6.679,1,0.177,0.00836,0.00233,0.613,0.772,138.559
43,2020-04-27T01:05:51Z,2020-04-27T01:14:41Z,2020-04-27T01:14:42Z,Female,18,Pharmacy,Domestic,Australia,Chinese,Staying at home for study/work,4,6,4,6,3,5,4,4,4,1,1,1,4,1,5,Debussy,Claire De Lune,2020-04-27T00:00:00Z,53,66,20,5,0,Martin Bloch,Debussy - Claire De Lune,6FYYsWqAXGzqJtyrqTXESD,0.313,0.0181,1,-26.177,1,0.0429,0.992,0.899,0.0982,0.039,74.414
44,2020-04-27T07:23:57Z,2020-04-27T07:37:27Z,2020-04-27T07:37:28Z,Female,17,"Other, please write below",Domestic,Australia,South Sudanese (Nuer),Staying at home for study/work,5,4,4,3,5,5,5,4,3,4,5,1,5,4,4,Childish Gambino,The night me and your mama met,2020-04-27T00:00:00Z,48,47,20,16,0,Childish Gambino,The Night Me and Your Mama Met,6iGPBcdGv5gVGFZiKAGID5,0.606,0.112,1,-15.055,0,0.0295,0.967,0.203,0.0611,0.11,134.061
46,2020-04-27T09:22:12Z,2020-04-27T09:32:16Z,2020-04-27T09:32:16Z,Female,17,"Other, please write below",Domestic,None,White,Staying at home for study/work,4,4,2,5,1,4,1,1,1,1,3,1,5,5,4,Kanye West,Stronger,2020-04-27T00:00:00Z,33,33,25,13,0,Kanye West,Stronger,4fzsfWzRhPawzqhX8Qt9F3,0.617,0.717,10,-7.858,0,0.153,0.00564,0,0.408,0.49,103.992
50,2020-04-27T11:30:36Z,2020-04-27T11:38:29Z,2020-04-27T11:38:30Z,Female,18,Psychology,Domestic,Australia,,Staying at home for study/work,4,4,3,4,1,1,3,4,4,3,3,1,5,4,4,One More Light,Linkin Park,2020-04-27T00:00:00Z,49,69,16,0,0,Linkin Park,One More Light,3xXBsjrbG1xQIm1xv1cKOt,0.593,0.2,8,-11.063,1,0.0311,0.904,0,0.0897,0.17,83.966
51,2020-04-27T14:34:25Z,2020-04-27T15:04:38Z,2020-04-27T15:04:39Z,Female,18,"Other, please write below",Domestic,Australia,,Staying at home for study/work,5,5,5,4,3,3,4,3,2,5,5,2,5,4,4,Chicago Diner,Kota the Friend,2020-04-28T00:00:00Z,NA,71,18,4,0.030303030303030304,Kota the Friend,Chicago Diner,7xDy9Jii27dcxtdXWugbqz,0.84,0.574,6,-7.946,1,0.054,0.644,9.65e-5,0.107,0.386,133.057
52,2020-04-27T15:53:44Z,2020-04-27T16:00:30Z,2020-04-27T16:00:31Z,Female,17,Psychology,Domestic,Australia,Malaysia,Staying at home for study/work,2,5,3,6,4,5,3,4,6,1,6,1,5,3,6,Queen,,2020-04-28T00:00:00Z,30,64,22,9,0,blackbear,queen of broken hearts,1YaLBadQjS701ZLZRGjPMX,0.716,0.711,0,-6.098,1,0.0769,0.00644,0,0.0783,0.827,97.016
53,2020-04-27T17:43:27Z,2020-04-27T18:18:56Z,2020-04-27T18:18:57Z,Female,18,Pharmacy,Domestic,Australia,Australian,Staying at home for study/work,4,5,5,6,3,3,3,6,5,4,4,1,4,3,5,AUSTN,In Betweenin',2020-04-28T00:00:00Z,48,62,20,10,0,AUSTN,In Betweenin',2mqy0iBKlV55HiAS0BewA3,0.705,0.824,2,-4.825,1,0.0347,0.18,0,0.0901,0.925,146.999
54,2020-04-28T14:34:47Z,2020-04-28T14:44:28Z,2020-04-28T14:44:28Z,Female,19,Psychology,Domestic,Australia,Australian/Korean,Staying at home for study/work,4,5,3,4,2,4,4,4,5,3,2,2,4,4,3,Sleeping At Last,Saturn,2020-04-29T00:00:00Z,37,60,18,6,0,Sleeping At Last,Saturn,3tJjZMHLqhD8DaGgdBICnc,0.263,0.237,3,-13.738,1,0.0344,0.638,0.305,0.109,0.0461,73.024
55,2020-04-28T15:03:48Z,2020-04-28T15:14:05Z,2020-04-28T15:14:06Z,Female,18,Business,Domestic,Australia,Caucasian,Staying at home for study/work,3,4,1,3,4,5,4,5,4,5,6,1,5,1,3,Lorde,Ribs,2020-04-29T00:00:00Z,42,69,20,4,0,Lorde,Ribs,2MvvoeRt8NcOXWESkxWn3g,0.511,0.472,4,-9.277,1,0.091,0.534,0.614,0.11,0.0399,127.978
57,2020-04-28T15:47:19Z,2020-04-28T16:02:06Z,2020-04-28T16:02:07Z,Male,18,Psychology,Domestic,Australia,Australian/Greek,Still going out for study/work,4,3,1,4,3,3,3,5,4,3,1,1,5,4,4,La Dispute,Rhodonite and Grief,2020-04-29T00:00:00Z,49,63,18,6,0,La Dispute,RHODONITE AND GRIEF,4XrnXzonp0gE5ImKGsHWZ7,0.632,0.47,2,-10.6,0,0.0271,0.236,0.424,0.147,0.282,108.05
58,2020-04-28T15:28:42Z,2020-04-28T16:06:43Z,2020-04-28T16:06:44Z,Female,18,"Other, please write below",Domestic,Australia,Sri Lankan,Staying at home for study/work,5,5,4,5,4,4,4,5,5,5,4,5,4,1,1,Dean Lewis,Waves,2020-04-29T00:00:00Z,41,52,19,12,0,Dean Lewis,Waves,6w8pFOKn42O418qwcQElZ3,0.518,0.729,11,-7.193,0,0.0452,0.183,0,0.0643,0.343,156.879
59,2020-04-28T16:06:46Z,2020-04-28T16:15:21Z,2020-04-28T16:15:22Z,Female,18,Psychology,Domestic,Australia,none,Staying at home for study/work,1,5,5,5,2,2,5,4,4,1,6,1,4,6,6,Ariana Grande,,2020-04-29T00:00:00Z,52,54,18,12,0,"Lady Gaga,Ariana Grande",Rain On Me (with Ariana Grande),24ySl2hOPGCDcxBxFIqWBu,0.672,0.855,9,-3.764,1,0.0397,0.021,0,0.323,0.646,123.056
60,2020-04-28T16:47:31Z,2020-04-28T17:04:08Z,2020-04-28T17:04:09Z,Female,18,Psychology,International,China,Chinese,Staying at home for study/work,1,5,4,4,3,3,3,4,4,4,3,1,3,4,3,Yomaez,One more night,2020-04-29T00:00:00Z,50,59,21,10,0,"Yomaez,Blooming",One More Night,6ofN6zXhQpK1e5FIOCTm6s,0.306,0.302,4,-11.548,0,0.032,0.903,0.00619,0.106,0.0597,106.972
61,2020-04-28T16:53:47Z,2020-04-28T17:11:26Z,2020-04-28T17:11:26Z,Female,19,Psychology,Domestic,Australia,Asian,Still going out for study/work,5,5,5,6,2,4,5,5,6,1,6,1,1,6,6,Taylor Swift,Getaway Car,2020-04-29T00:00:00Z,42,66,11,9,0,Taylor Swift,Getaway Car,0VE4kBnHJUgtMf0dy6DRmW,0.562,0.689,2,-6.745,1,0.127,0.00465,2.23e-6,0.0888,0.351,172.054
63,2020-04-28T17:46:35Z,2020-04-28T18:01:12Z,2020-04-28T18:01:13Z,Female,20,"Other, please write below",Domestic,Australia,Caucasian,Staying at home for study/work,6,6,4,5,5,4,5,5,2,6,5,1,5,4,3,Macklemore and Ryan Lewis,Growing up,2020-04-29T00:00:00Z,32,42,15,8,0,"Macklemore & Ryan Lewis,Ed Sheeran",Growing Up (feat. Ed Sheeran),44T13PWJ87jb3lFElhVIHx,0.74,0.549,9,-7.072,1,0.303,0.178,0,0.114,0.469,85.16
64,2020-04-28T18:04:08Z,2020-04-28T18:13:20Z,2020-04-28T18:13:20Z,Male,24,"Other, please write below",International,singapore,Chinese,Staying at home for study/work,6,6,4,6,2,4,2,6,2,4,4,2,5,6,6,Stonebank,Stronger,2020-04-29T00:00:00Z,47,48,21,16,0,"Stonebank,EMEL",Stronger,6HCmuewveUWxu30HSCsWk5,0.511,0.885,5,-3.259,0,0.287,0.00479,0.0645,0.115,0.343,170.002
65,2020-04-28T18:05:11Z,2020-04-28T18:14:31Z,2020-04-28T18:14:31Z,Female,18,"Other, please write below",Domestic,Australia,Caucasian?,Still going out for study/work,4,4,3,3,5,4,4,2,2,4,5,2,5,5,4,Kali uchis,Rush,2020-04-29T00:00:00Z,38,68,10,0,0,Kali Uchis,Rush,1mObaffqm7cPSUUbNZuiNJ,0.74,0.648,10,-4.987,0,0.0324,0.00824,5.95e-4,0.113,0.443,118.004
66,2020-04-28T18:06:15Z,2020-04-28T18:15:56Z,2020-04-28T18:15:57Z,Female,18,Psychology,Domestic,Australia,Caucasian/European,Staying at home for study/work,4,5,4,5,3,2,3,4,4,4,3,1,4,3,2,Claude Debussy,Clair de Lune,2020-04-29T00:00:00Z,39,51,19,7,0,"Claude Debussy,Martin Jones","Clair de Lune, L. 32",5u5aVJKjSMJr4zesMPz7bL,0.335,0.00532,1,-31.646,1,0.0376,0.994,0.912,0.0621,0.0397,65.832
67,2020-04-28T20:17:09Z,2020-04-28T20:30:50Z,2020-04-28T20:30:50Z,Female,17,"Other, please write below",Domestic,New Zealand,New Zealand,Staying at home for study/work,5,6,6,6,6,5,6,6,5,4,6,1,3,1,3,Drake,Passionfruit,2020-04-29T00:00:00Z,26,42,27,15,0,Drake,Passionfruit,5mCPDVBb16L4XQwDdbRUpz,0.809,0.463,11,-11.377,1,0.0396,0.256,0.085,0.109,0.364,111.98
68,2020-04-28T22:29:56Z,2020-04-28T22:43:56Z,2020-04-28T22:43:56Z,Female,17,Psychology,Domestic,Australia,South Korean,Staying at home for study/work,6,6,6,6,6,4,5,5,4,6,6,1,6,6,6,GOT7,Aura,2020-04-29T00:00:00Z,54,59,26,14,0,GOT7,AURA,7MthitzhOiulghCWPy3AhK,0.689,0.768,9,-4.757,0,0.119,0.143,1.06e-6,0.111,0.708,89.885
69,2020-04-28T22:51:43Z,2020-04-28T23:02:36Z,2020-04-28T23:02:36Z,Female,19,Psychology,Domestic,South Africa,South African/Australian,Staying at home for study/work,6,5,3,6,2,4,4,5,3,3,5,1,6,4,4,Bazzi,I Got You,2020-04-29T00:00:00Z,55,42,15,6,0,Bazzi,I Got You,2QNndTbo9mvgOoOKJvpEl2,0.67,0.529,8,-7.254,1,0.323,0.125,5.69e-6,0.109,0.361,161.034
72,2020-04-29T09:56:22Z,2020-04-29T10:24:52Z,2020-04-29T10:24:52Z,Female,17,Psychology,Domestic,Australia,Polynesian,Staying at home for study/work,4,5,5,5,4,4,5,5,3,3,3,4,3,4,4,Tyler the Creator,911/ Mr Lonely,2020-04-29T00:00:00Z,36,48,23,11,0,"Tyler, The Creator,Frank Ocean,Steve Lacy",911 / Mr. Lonely (feat. Frank Ocean & Steve Lacy),4bEcoz1OcfMgUbp2ft8ieQ,0.48,0.61,0,-7.042,1,0.305,0.0456,0,0.313,0.297,90.034
73,2020-04-29T10:21:01Z,2020-04-29T10:32:25Z,2020-04-29T10:32:25Z,Female,17,"Other, please write below",Domestic,Australia,Australian,Staying at home for study/work,5,5,5,5,4,4,3,3,4,4,5,1,4,5,5,Ed Sheeran,What Do I Know?,2020-04-29T00:00:00Z,46,42,26,14,0,Ed Sheeran,What Do I Know?,2pJZ1v8HezrAoZ0Fhzby92,0.838,0.492,1,-5.69,0,0.038,0.251,0,0.262,0.895,115.092
74,2020-04-29T10:57:58Z,2020-04-29T11:09:46Z,2020-04-29T11:09:46Z,Female,18,Psychology,Domestic,Australia,Australian,Staying at home for study/work,5,4,4,4,5,5,5,3,3,4,5,1,4,1,4,ABBA,Dancing Queen,2020-04-29T00:00:00Z,46,54,24,15,0,ABBA,Dancing Queen,4NtUY5IGzHCaqfZemmAu56,0.539,0.884,9,-6.53,1,0.0403,0.382,0.00166,0.76,0.752,100.812
78,2020-04-29T13:06:23Z,2020-04-29T13:12:19Z,2020-04-29T13:12:20Z,Female,18,Psychology,Domestic,Australia/England,Australian,Still going out for study/work,5,5,5,1,1,1,6,2,6,6,6,1,1,6,6,Clint Mansel,Requiem of a Dream,2020-04-30T00:00:00Z,26,70,20,2,0,"Clint Mansell,Kronos Quartet",Ghosts of Things to Come,37eMGxazZ53ALWvBnF4DUm,0.181,0.0421,2,-27.172,1,0.0361,0.982,0.836,0.104,0.0612,84.294
79,2020-04-29T13:02:45Z,2020-04-29T13:26:49Z,2020-04-29T13:26:49Z,Male,21,"Other, please write below",Domestic,"Singapore, Australia",Asian,Staying at home for study/work,5,5,6,3,4,4,1,5,4,5,3,1,6,1,5,Lady Gaga,Paparazzi,2020-04-30T00:00:00Z,34,44,14,8,0,Lady Gaga,Paparazzi,7Hqig8kp32q2Ire3ECQvWM,0.762,0.692,5,-3.973,0,0.0438,0.113,0,0.094,0.397,114.906
81,2020-04-29T13:59:50Z,2020-04-29T14:09:30Z,2020-04-29T14:09:31Z,Female,18,"Other, please write below",Domestic,Australia,indian,Staying at home for study/work,6,5,5,4,3,5,5,3,4,3,5,1,3,5,5,hozier,movement,2020-04-30T00:00:00Z,46,45,21,10,0,Hozier,Movement,1djzKW3eYLyzjjHXazEWWh,0.381,0.502,1,-5.505,0,0.0368,0.16,6.98e-5,0.0842,0.147,144.3
82,2020-04-29T14:07:13Z,2020-04-29T14:19:12Z,2020-04-29T14:19:12Z,Male,17,Psychology,Domestic,Australia,Australian,Staying at home for study/work,6,5,4,4,6,6,1,1,1,1,5,6,1,1,1,HILLSONG United,Oceans,2020-04-30T00:00:00Z,30,36,25,20,0,Hillsong UNITED,Oceans (Where Feet May Fail),5Mw9bXG1dLNhbjofkVS2oR,0.262,0.361,2,-10.187,1,0.0333,0.508,0.00268,0.108,0.056,126.786
83,2020-04-29T14:57:20Z,2020-04-29T15:05:56Z,2020-04-29T15:05:56Z,Female,19,"Other, please write below",Domestic,Australia,Australian,Still going out for study/work,5,5,4,5,2,3,3,3,5,5,5,1,5,1,5,Declan McKenna,Brazil,2020-04-30T00:00:00Z,32,66,19,2,0,Declan McKenna,Brazil,4sNG6zQBmtq7M8aeeKJRMQ,0.687,0.617,4,-5.213,1,0.0287,0.0941,1.32e-5,0.0898,0.665,121.08
86,2020-04-29T15:36:06Z,2020-04-29T15:48:05Z,2020-04-29T15:48:06Z,Female,18,Business,Domestic,Australia,Australian,Staying at home for study/work,6,4,2,4,3,5,4,4,4,3,5,1,4,1,5,Paradise,Bazzi,2020-04-30T00:00:00Z,27,50,28,15,0,Bazzi,Paradise,0Rx0DJI556Ix5gBny6EWmn,0.844,0.644,11,-6.273,0,0.0479,0.0828,0,0.113,0.591,122.061
87,2020-04-29T16:21:36Z,2020-04-29T16:30:53Z,2020-04-29T16:30:53Z,Male,19,"Other, please write below",Domestic,Australia,Anglosaxon,Still going out for study/work,6,4,5,4,1,5,4,2,3,4,5,1,5,4,5,Hans Zimmer,Time,2020-04-30T00:00:00Z,25,45,26,10,0,Hans Zimmer,Time,6ZFbXIJkuI1dVNWvzJzown,0.221,0.0879,7,-16.996,1,0.0381,0.155,0.698,0.0869,0.0401,126.622
88,2020-04-29T16:26:02Z,2020-04-29T16:34:30Z,2020-04-29T16:34:31Z,Male,17,"Other, please write below",Domestic,"South Africa, Australia",White European,Staying at home for study/work,6,6,2,2,5,1,1,1,1,1,1,6,1,1,1,Richard Wagner,Tannhauser Overture,2020-04-30T00:00:00Z,13,36,23,15,0,"Richard Wagner,Wiener Philharmoniker,Sir Georg Solti",Tannhäuser: Overture,1U1i1HBJ5H8DY5J4fO8ySg,0.0897,0.16,4,-15.986,1,0.0357,0.832,0.834,0.14,0.0579,81.802
89,2020-04-29T16:24:57Z,2020-04-29T16:36:55Z,2020-04-29T16:36:55Z,Male,18,"Other, please write below",Domestic,Australia,European Australian,Staying at home for study/work,1,6,1,6,1,3,2,2,6,1,1,1,1,1,4,Pink Floyd,Comfortably Numb,2020-04-30T00:00:00Z,39,59,16,3,0,Pink Floyd,Comfortably Numb,5HNCy40Ni5BZJFw1TKzRsC,0.472,0.366,11,-12.595,0,0.0286,0.15,0.308,0.0837,0.171,127.167
90,2020-04-29T16:27:54Z,2020-04-29T16:44:14Z,2020-04-29T16:44:14Z,Male,18,"Other, please write below",Domestic,Australia,Caucasian,Staying at home for study/work,6,5,4,3,3,3,3,4,3,1,4,1,5,3,4,Hans Zimmer,oogway's Legacy,2020-04-30T00:00:00Z,25,29,26,14,0,"Hans Zimmer,Lang Lang",Oogway's Legacy,669yRYY5pluCp5dYOcDMDD,0.225,0.143,5,-15.831,1,0.0337,0.948,0.832,0.0964,0.0627,80.258
91,2020-04-29T17:46:54Z,2020-04-29T17:57:15Z,2020-04-29T17:57:15Z,Male,21,"Other, please write below",International,China,Chinese,Staying at home for study/work,5,4,3,3,2,3,3,3,3,3,4,2,4,3,3,Gaho,Start Over,2020-04-30T00:00:00Z,42,39,30,17,0,Gaho,Start Over,3e4tHEcyzEtngkCw8ZBSMS,0.591,0.818,4,-3.532,1,0.073,0.172,0,0.126,0.574,108.107
92,2020-04-29T17:56:37Z,2020-04-29T18:06:03Z,2020-04-29T18:06:03Z,Female,17,Psychology,Domestic,Australia,Asian,Staying at home for study/work,2,6,4,6,2,1,1,6,6,4,5,1,1,1,6,Joseph Vincent,Can't Take My Eyes Off of You,2020-04-30T00:00:00Z,42,68,15,4,0,Joseph Vincent,Can't Take My Eyes Off You,4mf6HE25CkxeezcdWyfUGO,0.719,0.135,5,-12.074,0,0.0656,0.828,0,0.0935,0.594,88.251
96,2020-04-29T19:31:45Z,2020-04-29T19:46:39Z,2020-04-29T19:46:40Z,Female,21,"Other, please write below",Domestic,Australia,Australian,Staying at home for study/work,4,4,5,3,3,4,5,3,3,4,3,1,5,3,2,Chris Stapleton,Tennessee Whiskey,2020-04-30T00:00:00Z,41,75,11,4,0,Chris Stapleton,Tennessee Whiskey,3fqwjXwUGN6vbzIwvyFMhx,0.392,0.37,9,-10.888,1,0.0298,0.205,0.0096,0.0821,0.512,48.718
98,2020-04-29T21:26:03Z,2020-04-29T21:37:37Z,2020-04-29T21:37:37Z,Female,18,"Other, please write below",Domestic,Australia,Australian,Staying at home for study/work,5,4,5,3,3,2,2,3,3,3,4,1,5,5,5,Tame impala,Breathe Deeper,2020-04-30T00:00:00Z,51,73,7,1,0,Tame Impala,Breathe Deeper,3LbZIhU0smEU5SUnxod4j4,0.664,0.848,11,-4.51,0,0.0322,0.0245,1.27e-4,0.172,0.502,104.998
99,2020-04-29T21:27:03Z,2020-04-29T21:44:51Z,2020-04-29T21:44:51Z,Female,18,"Other, please write below",Domestic,Australian,Indonesian,Staying at home for study/work,6,6,4,6,4,5,5,4,6,4,4,4,5,6,3,KESHI,Atlas,2020-04-30T00:00:00Z,40,85,18,9,0,keshi,atlas,0PQK5efczMVIIjScPRZYH5,0.602,0.491,5,-6.764,1,0.0308,0.661,0,0.113,0.176,119.964
100,2020-04-29T21:31:22Z,2020-04-29T21:50:02Z,2020-04-29T21:50:02Z,Female,17,"Other, please write below",Domestic,Australia,Australian,Staying at home for study/work,1,6,5,6,4,4,5,5,4,5,5,1,5,1,4,Sleeping at last,saturn,2020-04-30T00:00:00Z,50,57,18,9,0,Sleeping At Last,Saturn,3tJjZMHLqhD8DaGgdBICnc,0.263,0.237,3,-13.738,1,0.0344,0.638,0.305,0.109,0.0461,73.024
105,2020-04-30T10:33:50Z,2020-04-30T10:43:42Z,2020-04-30T10:43:43Z,Female,19,"Other, please write below",Domestic,Australia,No cultural or ethnic affiliations,"Other, please specify",6,5,5,4,5,4,4,4,5,1,4,1,5,1,1,Paramore,Proof,2020-04-30T00:00:00Z,41,33,25,14,0,Paramore,Proof,71ZzqIzSNKye1tmtn0dSlk,0.576,0.952,3,-4.086,1,0.0359,0.00171,3.77e-4,0.507,0.776,107.99
106,2020-04-30T10:20:41Z,2020-04-30T10:44:48Z,2020-04-30T10:44:48Z,Female,18,Psychology,Domestic,Australia,Australian,Staying at home for study/work,6,5,5,5,2,4,4,5,4,2,5,1,5,5,5,Shawn Mendes,Understand,2020-04-30T00:00:00Z,31,34,21,16,0,Shawn Mendes,Understand,4IiHCtnfw8tZasAeocWqVe,0.613,0.616,0,-6.33,1,0.39,0.355,0,0.099,0.102,78.996
108,2020-04-30T11:25:17Z,2020-04-30T11:36:50Z,2020-04-30T11:36:51Z,Male,17,"Other, please write below",Domestic,Australia,Chinese,Staying at home for study/work,6,4,4,2,5,5,5,2,2,1,1,1,1,1,1,Alexandra Savior,Soft Currents,2020-04-30T00:00:00Z,49,44,21,15,0,Alexandra Savior,Soft Currents,0Ew6HikxOkDLjoTPQIN0BL,0.45,0.132,0,-11.799,1,0.0303,0.946,0.354,0.111,0.109,81.462
109,2020-04-30T12:01:32Z,2020-04-30T12:13:20Z,2020-04-30T12:13:21Z,Female,18,"Other, please write below",Domestic,Australia and Taiwan,Asian,Staying at home for study/work,1,4,3,5,2,4,1,1,4,1,1,1,4,5,5,Lemon,Kenshi Yonezu,2020-05-01T00:00:00Z,44,48,17,7,0,Kenshi Yonezu,Lemon,35KlorpQ6LQVVslvlcu1gN,0.533,0.661,11,-4.924,1,0.0268,0.366,0,0.354,0.446,86.978
111,2020-04-30T12:07:07Z,2020-04-30T12:22:39Z,2020-04-30T12:22:39Z,Female,18,Psychology,Domestic,Australia,Australian,Staying at home for study/work,5,4,3,6,3,2,2,4,5,3,3,1,5,1,1,"Soldier, Poet, King",The Oh Hellos,2020-05-01T00:00:00Z,22,66,24,13,0,The Oh Hellos,"Soldier, Poet, King",26ky3sBMKv31Kpvil5pGDh,0.347,0.769,8,-7.747,1,0.0614,0.0322,7.37e-4,0.117,0.524,118.074
114,2020-04-30T13:18:22Z,2020-04-30T13:28:20Z,2020-04-30T13:28:20Z,Female,21,"Other, please write below",Domestic,Hong Kong,Chinese,Staying at home for study/work,1,5,1,4,1,1,1,3,5,1,1,1,1,1,5,Yiruma,River flows in you,2020-05-01T00:00:00Z,47,31,23,19,0,Yiruma,River Flows In You,64rL48E6xWMIXdpcFDEiB8,0.314,0.22,9,-21.343,1,0.0514,0.987,0.943,0.0802,0.116,145.277
115,2020-04-30T13:55:49Z,2020-04-30T14:01:12Z,2020-04-30T14:01:12Z,Male,18,Psychology,International,CHINA,CHINESE,Staying at home for study/work,5,2,5,3,4,5,5,4,4,3,2,3,4,3,3,Lady Gaga,Just Dance,2020-05-01T00:00:00Z,52,57,19,13,0,"Lady Gaga,Colby O'Donis",Just Dance,2x7MyWybabEz6Y6wvHuwGE,0.822,0.739,1,-4.541,0,0.0311,0.0264,4.26e-5,0.181,0.745,118.992
116,2020-04-30T13:55:58Z,2020-04-30T14:04:28Z,2020-04-30T14:04:28Z,Female,21,"Other, please write below",International,Brunei,Eurasian,Staying at home for study/work,6,6,4,6,4,5,5,5,5,6,6,4,5,4,6,Parquet Courts,Mardi Gras Beads,2020-05-01T00:00:00Z,49,56,20,7,0,Parquet Courts,Mardi Gras Beads,7mVj1R3omIBoyFaMDV0fG4,0.432,0.817,9,-3.162,1,0.0343,0.0111,0.0662,0.137,0.604,118.688
119,2020-04-30T15:32:18Z,2020-04-30T15:41:22Z,2020-04-30T15:41:22Z,Female,18,"Other, please write below",Domestic,Australia,Caucasian,Staying at home for study/work,5,4,5,5,2,1,4,3,4,1,4,1,5,1,5,Gang of Youths,"The Deepest Sighs, the Frankest Shadows",2020-05-01T00:00:00Z,48,63,18,11,0,Gang of Youths,"The Deepest Sighs, the Frankest Shadows",5Q5o0jX8RwrHRdLYQkg6BA,0.355,0.812,0,-5.861,1,0.0767,0.0565,0.00972,0.141,0.139,151.818
121,2020-04-30T16:56:03Z,2020-04-30T17:14:26Z,2020-04-30T17:14:26Z,Female,18,Psychology,Domestic,Australia,Australian and Papua New Guinean,Staying at home for study/work,5,6,5,5,6,5,5,5,5,4,6,1,4,4,4,Demi Lovato,I love me,2020-05-01T00:00:00Z,48,37,30,19,0,Demi Lovato,I Love Me,2IHLaN6wwYKQ3S24NsQqpA,0.664,0.561,6,-7.031,1,0.0495,0.00261,0,0.0764,0.713,150.093
122,2020-04-30T17:17:25Z,2020-04-30T17:27:20Z,2020-04-30T17:27:21Z,Female,23,"Other, please write below",Domestic,Australia,Indigenous Australian,Staying at home for study/work,6,3,3,3,6,6,6,5,4,6,6,1,5,5,5,sigrid,don't kill my vibe,2020-05-01T00:00:00Z,56,30,28,15,0,Sigrid,Don't Kill My Vibe,5DCaAsjQRLYvvdFUzaYnAz,0.544,0.759,10,-4.839,1,0.121,0.257,6.53e-5,0.35,0.303,150.032
123,2020-04-30T17:43:07Z,2020-04-30T17:51:16Z,2020-04-30T17:51:17Z,Female,17,"Other, please write below",Domestic,Australia,Australian,Still going out for study/work,3,4,4,5,5,2,3,4,5,6,5,1,6,1,6,Lewis Capaldi,Bruises,2020-05-01T00:00:00Z,47,44,26,14,0,Lewis Capaldi,Bruises,4Of7rzpRpV1mWRbhp5rAqG,0.736,0.308,4,-7.83,1,0.0677,0.946,0,0.186,0.361,111.202
124,2020-04-30T20:54:30Z,2020-04-30T21:01:56Z,2020-04-30T21:01:57Z,Female,18,Psychology,Domestic,Australia,Asian/Caucasian,Staying at home for study/work,4,5,4,6,4,5,4,4,3,3,4,2,4,4,5,Khalid,Bad Luck,2020-05-01T00:00:00Z,48,65,20,6,0,Khalid,Bad Luck,2vsuel3g4zaLYSOY0mOMbi,0.432,0.52,1,-5.515,0,0.0548,0.277,0.371,0.138,0.303,164.047
125,2020-04-30T21:59:08Z,2020-04-30T22:23:49Z,2020-04-30T22:23:49Z,Female,20,"Other, please write below",International,Brunei,Malay,Staying at home for study/work,5,6,6,6,5,1,1,6,5,4,4,6,5,6,1,Natalie Taylor,Surrender,2020-05-01T00:00:00Z,43,51,22,7,0,Natalie Taylor,Surrender,0ecC8p17cDNlxHXkuYqeR6,0.39,0.448,5,-8.57,0,0.0276,0.8,0.182,0.107,0.077,144.89
126,2020-04-30T22:29:06Z,2020-04-30T22:36:31Z,2020-04-30T22:36:32Z,Female,18,"Other, please write below",Domestic,Australian,Indonesian,Staying at home for study/work,4,6,4,6,5,5,5,4,6,4,5,4,6,6,6,Keshi,Atlas,2020-05-01T00:00:00Z,36,81,24,13,0,keshi,atlas,0PQK5efczMVIIjScPRZYH5,0.602,0.491,5,-6.764,1,0.0308,0.661,0,0.113,0.176,119.964
129,2020-05-01T01:48:38Z,2020-05-01T01:58:57Z,2020-05-01T01:58:57Z,Female,22,Psychology,Domestic,Australia,Australian,Staying at home for study/work,5,6,6,4,4,4,4,1,4,3,5,1,1,1,4,Halsey,Colors,2020-05-01T00:00:00Z,37,51,23,9,0,Halsey,Colors,1TnUURhehaoMWKAqQtirm6,0.512,0.812,1,-4.809,1,0.0617,0.0534,0,0.092,0.521,100.02
132,2020-05-01T12:14:33Z,2020-05-01T12:25:58Z,2020-05-01T12:25:58Z,Female,18,"Other, please write below",Domestic,Australia,South East Asian/Australian,"Other, please specify",5,4,4,6,4,3,3,4,4,4,4,4,5,5,4,Kiss the Rain,Yiruma,2020-05-02T00:00:00Z,39,42,20,10,0,Yiruma,Kiss The Rain,40BHvbyw4UeadzkzaVpcbD,0.559,0.0519,8,-22.616,1,0.0423,0.99,0.905,0.117,0.182,132.694
133,2020-05-01T13:52:35Z,2020-05-01T14:09:06Z,2020-05-01T14:09:07Z,Female,18,Psychology,Domestic,Australia,Australian,"Other, please specify",5,5,4,4,4,4,1,1,4,3,5,5,5,1,1,Third Day,When The Rain Comes,2020-05-02T00:00:00Z,29,37,24,18,0,Third Day,When The Rain Comes,5tpnsNQyUFFnzoMyFjKuqp,0.465,0.285,8,-9.71,1,0.0305,0.564,7.68e-6,0.123,0.211,131.523
135,2020-05-01T15:47:41Z,2020-05-01T16:09:36Z,2020-05-01T16:09:36Z,Female,21,Psychology,International,China,Chinese,Staying at home for study/work,2,4,4,5,3,5,4,3,4,3,1,1,4,4,1,Andrew Lloyd Webber,Memory,2020-05-02T00:00:00Z,45,48,20,13,0,"Andrew Lloyd Webber,""Cats"" 1983 Broadway Cast,Cynthia Onrubia,Betty Buckley",Memory,2Qw6jgFXAmCBjTgpu18Nv2,0.254,0.231,3,-9.668,1,0.0302,0.906,0.0084,0.114,0.0735,81.509
136,2020-05-01T17:36:42Z,2020-05-01T17:51:15Z,2020-05-01T17:51:16Z,Female,19,"Other, please write below",Domestic,Australia and Ireland,Caucasian,Still going out for study/work,5,5,5,4,3,4,4,5,4,4,5,1,5,5,4,dermot kennedy,what have I done,2020-05-02T00:00:00Z,40,48,24,17,0,Dermot Kennedy,What Have I Done,0hpaWop2LUln6yJ7b0eOza,0.625,0.581,9,-5.466,1,0.0358,0.191,3.57e-6,0.117,0.317,121.946
137,2020-05-01T19:33:01Z,2020-05-01T19:43:03Z,2020-05-01T19:43:03Z,Female,19,Psychology,Domestic,"Australia, Great Britain",Caucasian,Staying at home for study/work,4,5,2,4,2,2,2,3,5,3,4,3,6,4,3,Marconi Union,Weightless,2020-05-02T00:00:00Z,45,68,19,5,0,Marconi Union,Weightless,6kkwzB6hXLIONkEk9JciA6,0.139,0.22,2,-19.974,0,0.0324,0.856,0.831,0.17,0.0789,71.432
143,2020-05-02T01:02:34Z,2020-05-03T03:14:54Z,2020-05-03T03:14:55Z,Female,19,"Other, please write below",International,Taiwan and Republic of Korea,Korean / Chinese,Staying at home for study/work,5,5,6,4,3,4,5,6,4,3,4,1,4,4,3,Bruno Major,Easily,2020-05-03T00:00:00Z,50,41,22,9,0,Bruno Major,Easily,2k9N4caeCIJLOWwWwssrEM,0.772,0.256,7,-8.545,0,0.0481,0.491,0.00612,0.144,0.357,118.902
144,2020-05-03T10:59:00Z,2020-05-03T11:15:42Z,2020-05-03T11:15:43Z,Female,17,Psychology,Domestic,Australia,None,Still going out for study/work,4,5,6,5,3,4,4,3,6,3,6,1,4,5,4,Rex Orange County,Best friend,2020-05-03T00:00:00Z,48,53,21,12,0,Rex Orange County,Best Friend,47Bg6IrMed1GPbxRgwH2aC,0.575,0.714,6,-5.247,1,0.0596,0.395,0,0.115,0.32,144.982
145,2020-05-03T12:33:49Z,2020-05-03T12:50:30Z,2020-05-03T12:50:31Z,Female,22,"Other, please write below",Domestic,Australia,Caucasian,Staying at home for study/work,5,5,4,4,4,5,5,4,5,5,5,1,4,3,4,Harry Styles,"Sunflower, Vol. 6",2020-05-04T00:00:00Z,40,50,24,15,0,Harry Styles,"Sunflower, Vol. 6",6iYMfxznTBlcVOgRHab2W0,0.566,0.846,7,-6.904,0,0.035,5.64e-4,7.95e-4,0.121,0.86,160.02
146,2020-05-03T14:40:20Z,2020-05-03T14:51:37Z,2020-05-03T14:51:37Z,Female,18,Psychology,Domestic,Australia,Chinese,Staying at home for study/work,4,6,3,3,4,5,5,3,4,4,5,1,5,4,4,stray kids,19,2020-05-04T00:00:00Z,57,80,22,10,0,Stray Kids,19,5sYZPoYOvnjp4RcWYKisnR,0.78,0.653,10,-5.107,1,0.176,0.388,0,0.093,0.397,105.176
148,2020-05-03T15:02:37Z,2020-05-03T15:24:04Z,2020-05-03T15:24:05Z,Female,19,Psychology,International,China,none,Staying at home for study/work,4,6,4,4,1,4,3,4,2,1,4,3,4,4,4,WHAT A WONDERFUL WORLD,LOUIS ARMSTRONG,2020-05-04T00:00:00Z,38,31,25,19,0,Louis Armstrong,What A Wonderful World - Single Version,29U7stRjqHU6rMiS8BfaI9,0.271,0.165,5,-20.652,1,0.0351,0.729,1.6e-6,0.118,0.203,77.082
149,2020-05-03T16:57:40Z,2020-05-03T17:11:00Z,2020-05-03T17:11:00Z,Female,19,Psychology,Domestic,south africa,caucasain,Staying at home for study/work,6,4,6,4,4,3,4,2,5,4,6,1,4,4,3,rex orange county,best friend,2020-05-04T00:00:00Z,40,49,17,5,0,Rex Orange County,Best Friend,47Bg6IrMed1GPbxRgwH2aC,0.575,0.714,6,-5.247,1,0.0596,0.395,0,0.115,0.32,144.982
150,2020-05-03T17:17:16Z,2020-05-03T17:30:07Z,2020-05-03T17:30:07Z,Female,18,Psychology,Domestic,Australia,caucasian,Staying at home for study/work,4,4,3,6,3,4,4,3,5,5,4,1,5,1,3,Khalid,twenty-one,2020-05-04T00:00:00Z,48,55,22,11,0,Khalid,Twenty One,1NgCWYuBLfqBDA3b8MgSVU,0.776,0.445,9,-8.574,1,0.0371,0.212,0.00409,0.124,0.405,109.981
153,2020-04-26T20:32:28Z,2020-04-26T20:48:55Z,2020-05-03T20:49:25Z,Female,18,"Other, please write below",Domestic,Australia,Australia,Staying at home for study/work,6,6,6,6,3,6,4,4,6,1,6,1,6,3,4,Harry Styles,Golden,2020-05-04T00:00:00Z,46,39,NA,NA,0.06060606060606061,Harry Styles,Golden,45S5WTQEGOB1VHr1Q4FuPl,0.448,0.838,4,-5.257,0,0.0557,0.21,1.31e-4,0.131,0.254,139.863
162,2020-05-04T07:39:22Z,2020-05-04T07:48:51Z,2020-05-04T07:48:51Z,Female,21,"Other, please write below",International,USA,Caucasian and Jewish,Staying at home for study/work,4,4,5,6,2,3,4,5,5,4,6,1,5,4,5,Florist,,2020-05-04T00:00:00Z,50,43,22,11,0,Lido Caia,Florist,7lftqPHvXs8dF8INizn9ba,0.637,0.45,7,-14.203,1,0.811,0.984,0.45,0.109,0.283,194.978
167,2020-05-04T13:53:27Z,2020-05-04T14:02:58Z,2020-05-04T14:02:59Z,Female,18,"Other, please write below",Domestic,Australia and England,Australian,Staying at home for study/work,6,5,4,5,5,6,4,5,5,3,6,6,5,2,3,Hillsong united,Another in the Fire,2020-05-05T00:00:00Z,28,34,16,4,0,Hillsong UNITED,Another In The Fire - Live,5PmHmU5AaBy9ld3bdQkD96,0.451,0.688,0,-7.843,1,0.0358,6.14e-4,0,0.141,0.0827,135.066
168,2020-05-04T13:53:47Z,2020-05-04T14:11:22Z,2020-05-04T14:11:22Z,Female,18,Psychology,Domestic,Australia,Australian,Staying at home for study/work,6,5,6,3,2,5,5,3,4,4,6,1,4,4,4,Cheech & Chong,Marijuana,2020-05-05T00:00:00Z,34,74,14,10,0,Cheech & Chong,Medical Marijuana Blues,6YCFd7wSpElVI9gXtgMrlh,0.682,0.55,2,-6.44,1,0.0407,0.272,0,0.122,0.758,77.272
169,2020-05-04T14:39:19Z,2020-05-04T14:56:18Z,2020-05-04T14:56:19Z,Female,19,Psychology,Domestic,Brazil and Australia,Latin American,Staying at home for study/work,4,5,4,5,5,5,5,3,2,4,4,1,4,6,6,Yael Naim,New soul,2020-05-05T00:00:00Z,55,49,17,5,0,Yael Naim,New Soul,476JcJ3TpAuCOlGdCmomGm,0.769,0.371,0,-8.522,1,0.0326,0.733,3.73e-5,0.106,0.653,100.001
170,2020-05-04T18:00:41Z,2020-05-04T18:18:05Z,2020-05-04T18:18:05Z,Female,18,"Other, please write below",Domestic,Australia and Italy,Italian,Still going out for study/work,6,4,3,5,5,6,5,2,1,5,5,6,6,1,1,The foundations,Build me up buttercup,2020-05-05T00:00:00Z,33,56,20,12,0,The Foundations,Build Me Up Buttercup,6sPOmDulFtLzfX25zICNrC,0.66,0.512,0,-7.183,1,0.0294,0.313,0,0.283,0.852,133.607
171,2020-05-05T01:45:53Z,2020-05-05T02:05:52Z,2020-05-05T02:05:52Z,Female,18,"Other, please write below",Domestic,Australia and United States of America,Caucasian,Staying at home for study/work,4,5,5,5,3,3,1,2,2,4,4,1,4,5,5,AJR,Burn The House Down,2020-05-05T00:00:00Z,24,61,20,7,0,AJR,Burn The House Down,0TkJIyL69RAUIbNwGub6uR,0.454,0.66,0,-4.357,1,0.168,0.0364,0,0.181,0.568,184.353
172,2020-05-05T07:51:54Z,2020-05-05T09:11:53Z,2020-05-05T09:11:53Z,Female,17,"Other, please write below",Domestic,Australia,Caucasian Australian (7th gen both sides),Staying at home for study/work,4,6,3,4,4,3,2,4,5,3,1,1,1,1,1,Adam Jensen,Street Fight,2020-05-05T00:00:00Z,50,63,16,3,0,Adam Jensen,Street Fight,36pwoWh6xqOShF8X6AZmzQ,0.716,0.738,1,-6.347,1,0.0406,0.0018,0.00696,0.113,0.349,129.04
173,2020-05-05T14:45:07Z,2020-05-05T15:02:18Z,2020-05-05T15:02:19Z,Female,17,"Other, please write below",Domestic,Australia,Australian,Staying at home for study/work,6,5,4,3,2,2,2,3,4,4,5,4,5,5,4,The Neighbourhood,#Icanteven,2020-05-06T00:00:00Z,49,65,17,2,0,"The Neighbourhood,French Montana",#icanteven (feat. French Montana),0xSfELjbi6QwmprLDu4Nrx,0.359,0.625,6,-9.387,0,0.146,0.114,1.9e-5,0.0787,0.154,111.866
174,2020-05-05T16:46:58Z,2020-05-05T16:54:58Z,2020-05-05T16:54:58Z,Male,18,Psychology,International,Malaysia,Malaysian Chinese,Staying at home for study/work,1,5,3,6,2,3,4,4,4,1,3,4,4,6,4,Total Mayhem Games,Forbidden Rites,2020-05-06T00:00:00Z,32,59,14,5,0,Total Mayhem Games,Forbidden Rites,6bPDzs1zw4i5DZb5Oz19F6,0.429,0.638,2,-12.574,0,0.0367,0.794,0.97,0.164,0.392,79.984
175,2020-05-05T16:51:30Z,2020-05-05T17:03:03Z,2020-05-05T17:03:04Z,Female,18,Psychology,Domestic,Australia,European,Staying at home for study/work,1,4,1,5,3,4,3,4,5,1,5,1,3,4,4,Matthew Wilder,Break My Stride,2020-05-06T00:00:00Z,36,58,18,8,0,Matthew Wilder,Break My Stride,1mCsF9Tw4AkIZOjvZbZZdT,0.917,0.588,10,-11.047,1,0.0607,0.195,0,0.0914,0.828,110.077
176,2020-05-05T17:06:24Z,2020-05-05T17:18:13Z,2020-05-05T17:18:14Z,Female,18,Psychology,Domestic,Australia,Australian,Staying at home for study/work,4,5,3,5,4,4,4,3,2,1,4,3,5,4,3,Lizzo,Good as Hell,2020-05-06T00:00:00Z,42,54,15,4,0,"Lizzo,Ariana Grande",Good as Hell (feat. Ariana Grande) - Remix,07Oz5StQ7GRoygNLaXs2pd,0.668,0.892,5,-3.001,0,0.0645,0.298,0,0.735,0.478,95.927
177,2020-05-05T17:17:35Z,2020-05-05T17:29:53Z,2020-05-05T17:29:53Z,Male,17,Psychology,Domestic,Australia,Indian,"Other, please specify",1,6,1,4,5,4,4,4,2,6,3,1,4,4,5,Andy Grammer,Keep your head up,2020-05-06T00:00:00Z,32,40,26,14,0,Andy Grammer,Keep Your Head Up,4Jz4bjXeiF2SXVj9P4YfY5,0.674,0.778,0,-5.367,1,0.0376,0.0469,0,0.145,0.816,90.01
179,2020-05-05T21:14:08Z,2020-05-05T21:32:17Z,2020-05-05T21:32:18Z,Female,20,"Other, please write below",Domestic,Australia,Asian,Staying at home for study/work,5,4,3,5,3,3,4,2,4,4,3,1,4,1,1,DJ Okawari,Flower Dance,2020-05-06T00:00:00Z,36,53,17,8,0,DJ Okawari,Flower Dance,2LDCP8QWhIB42gRvSVgRxO,0.553,0.531,8,-9.049,0,0.028,0.605,0.0722,0.0899,0.699,100.02
181,2020-05-05T22:56:48Z,2020-05-05T23:08:28Z,2020-05-05T23:08:29Z,Female,20,"Other, please write below",International,Singaporean,Chinese,Staying at home for study/work,5,4,3,4,4,4,4,4,4,4,4,5,5,5,5,Jay Chou,下雨的声音,2020-05-06T00:00:00Z,55,39,21,9,0,Jay Chou,聽見下雨的聲音,0nt1LAZjaTjrf30S8hdRDU,0.367,0.726,4,-6.773,1,0.0341,0.0294,0,0.337,0.271,172.121
184,2020-05-06T16:40:11Z,2020-05-06T16:48:35Z,2020-05-06T16:48:36Z,Female,20,Psychology,Domestic,Australia and United Kingdom,White caucasian,Staying at home for study/work,6,6,2,1,4,4,4,3,2,1,6,1,3,4,4,Petit Biscuit,Sunset Lover,2020-05-07T00:00:00Z,33,48,23,12,0,Petit Biscuit,Sunset Lover,0hNduWmlWmEmuwEFcYvRu1,0.783,0.467,6,-9.474,1,0.0503,0.729,0.809,0.109,0.236,90.838
185,2020-05-06T21:28:27Z,2020-05-06T21:36:14Z,2020-05-06T21:36:15Z,Male,19,Psychology,Domestic,Australia,Caucasian,Staying at home for study/work,5,5,4,6,5,5,5,4,5,4,5,3,5,5,5,Ben Howard,Old Pine,2020-05-07T00:00:00Z,39,29,22,12,0,Ben Howard,Old Pine,3CAX47TnPqTujLIQTw8nwI,0.401,0.364,5,-10.836,1,0.033,0.45,0.0503,0.162,0.224,129.57
186,2020-05-06T21:16:20Z,2020-05-06T21:41:11Z,2020-05-06T21:41:12Z,Female,19,"Other, please write below",Domestic,Australia,Caucausian,Staying at home for study/work,4,6,1,5,4,2,2,6,5,3,1,1,6,3,5,LANY,13,2020-05-07T00:00:00Z,44,54,25,14,0,LANY,13,0WOvSEVpUGkNufX0w0M06F,0.784,0.539,8,-8.148,0,0.0628,0.69,1.75e-5,0.0367,0.697,133.963
188,2020-05-06T22:18:55Z,2020-05-06T22:29:02Z,2020-05-06T22:29:02Z,Female,26,"Other, please write below",International,Hong Kong,Hong Kong- Chinese,Still going out for study/work,6,6,4,5,5,6,6,3,4,5,6,5,6,6,6,Debussy,Clair de lune,2020-05-07T00:00:00Z,64,51,27,0,0,"Claude Debussy,Martin Jones","Clair de Lune, L. 32",5u5aVJKjSMJr4zesMPz7bL,0.335,0.00532,1,-31.646,1,0.0376,0.994,0.912,0.0621,0.0397,65.832
189,2020-05-06T19:11:19Z,2020-05-06T22:34:06Z,2020-05-06T22:34:07Z,Female,17,"Other, please write below",Domestic,Australia,Caucasian,Staying at home for study/work,6,5,5,4,4,4,4,3,3,3,4,1,1,1,3,Kim Churchill,After the Sun,2020-05-07T00:00:00Z,45,43,25,12,0,Kim Churchill,After the Sun,3VqkvcP3j3kSr1FsKwctBp,0.707,0.751,8,-5.975,0,0.12,0.17,0,0.119,0.91,86.997
194,2020-05-08T06:32:49Z,2020-05-08T06:39:22Z,2020-05-08T06:39:22Z,Female,21,"Other, please write below",Domestic,Australia,Australian,Staying at home for study/work,4,6,5,6,5,6,6,6,6,6,6,1,1,5,5,Guns and Ships,Hamilton,2020-05-08T00:00:00Z,60,69,22,2,0,"Leslie Odom Jr.,Daveed Diggs,Original Broadway Cast of Hamilton",Guns and Ships,7m9XR7FquXLP1FewdAcNS9,0.72,0.666,7,-6.914,1,0.328,0.399,0,0.0844,0.383,138.03
195,2020-05-08T11:42:53Z,2020-05-08T11:56:33Z,2020-05-08T11:56:33Z,Female,18,"Other, please write below",Domestic,Australia,"New Zealand, Indonesian",Staying at home for study/work,5,3,4,5,4,4,4,5,5,3,5,5,5,3,3,UMI,Butterfly,2020-05-08T00:00:00Z,37,62,18,6,0,UMI,Butterfly,4qkVALwOxCIEZ7I5gkZ3m4,0.785,0.27,5,-14.457,1,0.0892,0.255,0.00132,0.0953,0.12,131.894
197,2020-05-08T16:58:26Z,2020-05-08T17:10:33Z,2020-05-08T17:10:34Z,Male,19,Business,Domestic,Australia,White Australian,Staying at home for study/work,4,4,2,4,3,4,4,4,3,2,4,1,4,4,4,Watsky,Mean Ass Drunk,2020-05-09T00:00:00Z,29,45,28,20,0,Watsky,Mean Ass Drunk,3ycABvRuvDBbMF30FoCKRn,0.692,0.788,7,-4.634,1,0.116,0.00161,1.83e-4,0.123,0.658,153.879
199,2020-05-09T12:21:52Z,2020-05-09T12:25:36Z,2020-05-09T12:25:36Z,Male,18,Psychology,Domestic,Australia,Australian,Staying at home for study/work,3,4,4,5,3,3,4,5,4,4,2,3,4,5,4,Die Antwoord,Banana Brain,2020-05-10T00:00:00Z,42,54,22,12,0,Die Antwoord,Banana Brain,6XSEz4r6cUwOZgWvE51zDT,0.74,0.93,1,-5.662,1,0.0798,0.0106,0.0156,0.128,0.254,150.085
200,2020-05-09T12:44:23Z,2020-05-09T13:03:18Z,2020-05-09T13:03:18Z,Male,19,"Other, please write below",International,Hong Kong,n/a,Staying at home for study/work,4,5,4,5,4,4,3,4,3,4,4,1,5,4,4,Lil Nas X,Old Town Road,2020-05-10T00:00:00Z,32,37,22,16,0,"Lil Nas X,Billy Ray Cyrus",Old Town Road - Remix,2YpeDb67231RjR0MgVLzsG,0.878,0.619,6,-5.56,1,0.102,0.0533,0,0.113,0.639,136.041
201,2020-05-09T14:38:18Z,2020-05-09T14:47:42Z,2020-05-09T14:47:42Z,Female,18,"Other, please write below",Domestic,Australia,Filipino,Staying at home for study/work,6,6,5,6,6,5,5,2,2,5,6,1,6,6,6,Fleetwood Mac,Dreams,2020-05-10T00:00:00Z,41,79,19,6,0,Fleetwood Mac,Dreams - 2004 Remaster,0ofHAoxe9vBkTCp2UQIavz,0.828,0.492,0,-9.744,1,0.0276,0.0644,0.00428,0.128,0.789,120.151
202,2020-05-09T15:15:37Z,2020-05-09T15:22:15Z,2020-05-09T15:22:16Z,Male,18,"Other, please write below",Domestic,Australia,Asian,Staying at home for study/work,6,6,3,1,4,6,4,4,6,3,4,4,4,5,4,"Lil Wayne, Bruno Mars",Mirror,2020-05-10T00:00:00Z,63,62,23,12,0,"Lil Wayne,Bruno Mars",Mirror,05pdoheuKPSotkjMgIVX6I,0.331,0.622,5,-7.291,0,0.092,0.858,0,0.104,0.388,64.468
204,2020-05-10T05:46:50Z,2020-05-10T05:56:27Z,2020-05-10T05:56:27Z,Female,17,"Other, please write below",Domestic,New Zealand,Chinese,Staying at home for study/work,6,6,5,5,4,5,6,4,4,4,6,4,6,5,5,frank ocean,lost,2020-05-10T00:00:00Z,43,46,25,19,0,Frank Ocean,Lost,3GZD6HmiNUhxXYf8Gch723,0.913,0.603,8,-4.892,1,0.226,0.0272,5.03e-4,0.167,0.497,123.061
206,2020-05-10T15:04:22Z,2020-05-10T15:15:25Z,2020-05-10T15:15:25Z,Male,18,"Other, please write below",International,China,Chinese,Staying at home for study/work,6,5,5,6,6,6,6,3,4,6,6,4,5,6,4,Sky Ferreira,Easy,2020-05-11T00:00:00Z,22,53,21,8,0,Sky Ferreira,Easy,6D9784CzwRHlnIHdtjsBME,0.6,0.274,9,-10.695,0,0.03,0.267,0.0163,0.106,0.246,132.034
207,2020-05-10T15:28:19Z,2020-05-10T15:36:52Z,2020-05-10T15:36:52Z,Male,26,ICTE,International,China,N/A,Staying at home for study/work,5,5,4,6,5,4,4,4,4,4,4,4,4,4,4,Johann Sebastian Bach,Cello  Suite NO.1 G major,2020-05-11T00:00:00Z,49,54,28,19,0,"Johann Sebastian Bach,Yo-Yo Ma","Cello Suite No. 1 in G Major, BWV 1007: I. Prélude",61dYvvfIRtIDFuqZypPAta,0.257,0.109,7,-21.356,1,0.0597,0.9,0.867,0.0762,0.307,75.02
208,2020-05-10T21:36:02Z,2020-05-10T21:53:29Z,2020-05-10T21:53:29Z,Female,18,Psychology,Domestic,Australia,Australian,Staying at home for study/work,1,5,4,4,5,5,5,5,3,1,5,1,4,5,5,Lauv,Feelings,2020-05-11T00:00:00Z,32,59,17,9,0,Lauv,Feelings,0s26En1JoJhVj32vizElpA,0.694,0.466,9,-6.758,1,0.0384,0.0934,0,0.098,0.246,103.018
209,2020-05-11T08:39:36Z,2020-05-11T08:50:49Z,2020-05-11T08:50:49Z,Female,18,"Other, please write below",Domestic,Australia and Syria,,Staying at home for study/work,6,6,5,4,3,4,4,6,3,4,5,5,6,6,4,Brent Faiyaz,Stay Down,2020-05-11T00:00:00Z,38,39,23,10,0,Brent Faiyaz,Stay Down,4mwiRPRAUSSFD6lJ86m98B,0.551,0.301,11,-13.065,1,0.111,0.617,1.1e-5,0.136,0.488,84.695
210,2020-05-11T08:44:46Z,2020-05-11T08:53:09Z,2020-05-11T08:53:10Z,Male,22,"Other, please write below",Domestic,Australia,Western,Staying at home for study/work,6,6,4,4,5,5,5,6,4,5,4,1,4,5,5,Layup,Every Mile,2020-05-11T00:00:00Z,34,32,24,20,0,Layup,Every Mile,2tWWWNbPwoP6A3C1eIMeGh,0.515,0.282,2,-9.85,1,0.0325,0.948,0.0147,0.168,0.158,81.237
211,2020-05-11T09:09:16Z,2020-05-11T09:20:32Z,2020-05-11T09:20:32Z,Male,18,"Other, please write below",Domestic,Australia,Australian,Staying at home for study/work,6,3,3,4,4,5,6,5,4,1,6,5,5,4,3,NF,Paralyzed,2020-05-11T00:00:00Z,30,40,19,18,0,NF,Paralyzed,5DHQKZCOZhGNTbYBCekWx0,0.51,0.643,0,-6.602,1,0.0485,0.214,3.22e-6,0.101,0.0397,130.081
213,2020-05-11T10:57:58Z,2020-05-11T11:12:51Z,2020-05-11T11:12:51Z,Female,48,"Other, please write below",Domestic,Australia,Australian,"Other, please specify",4,4,5,5,5,5,4,5,5,6,6,5,4,4,3,Relaxation music,,2020-05-11T00:00:00Z,43,57,20,6,0,Spa,Relaxation Music,3E1O2upsy1aTZ6lqI0U5oJ,0.0884,0.00746,0,-31.639,1,0.0442,0.985,0.903,0.101,0.0628,166.891
214,2020-05-11T11:22:11Z,2020-05-11T11:31:39Z,2020-05-11T11:31:39Z,Male,22,"Other, please write below",Domestic,Australia,Australian/Italian,Still going out for study/work,6,6,4,4,4,5,5,4,2,3,5,4,4,4,5,Blackbear,,2020-05-11T00:00:00Z,47,42,21,16,0,blackbear,hot girl bummer,7aiClxsDWFRQ0Kzk5KI5ku,0.778,0.559,6,-7.109,0,0.0776,0.128,0,0.399,0.678,129.989
215,2020-05-11T11:46:19Z,2020-05-11T11:54:26Z,2020-05-11T11:54:26Z,Female,19,"Other, please write below",Domestic,Australia,Indian,Still going out for study/work,4,5,3,3,3,5,5,5,4,4,6,4,4,4,4,Ed Sheeran,Even my dad does sometimes,2020-05-11T00:00:00Z,28,45,24,16,0,Ed Sheeran,Even My Dad Does Sometimes,0N5zjRnf8AreOm95iSBXF4,0.58,0.318,2,-8.926,1,0.0279,0.756,1.71e-4,0.117,0.295,129.757
216,2020-05-11T12:43:35Z,2020-05-11T12:57:02Z,2020-05-11T12:57:02Z,Female,20,"Other, please write below",Domestic,New Zealand,Biracial- Samoan and European NewZealander,Still going out for study/work,1,5,3,4,3,3,4,4,4,2,4,1,4,5,4,Alo Key,Uso,2020-05-12T00:00:00Z,36,49,21,6,0,Alo Key,Uso Song 4:35,7GgP15yuwaPwdQGWBVfPlu,0.656,0.451,9,-11.977,1,0.0292,0.47,4.33e-6,0.381,0.667,139.959
219,2020-05-11T14:55:39Z,2020-05-11T15:03:07Z,2020-05-11T15:03:08Z,Male,21,"Other, please write below",International,Singapore,Chinese,Staying at home for study/work,6,6,4,4,3,4,4,4,4,3,5,5,1,1,3,Maggie Rogers,Alaska,2020-05-12T00:00:00Z,46,41,22,9,0,Maggie Rogers,Alaska,4HfLQJtVT1KiX1eVedDyTm,0.847,0.386,9,-10.668,0,0.0507,0.411,0.00176,0.108,0.178,104.001
220,2020-05-11T15:39:35Z,2020-05-11T15:54:04Z,2020-05-11T15:54:05Z,Female,19,Psychology,Domestic,AUSTRALIA,Caucasian,Staying at home for study/work,4,6,6,3,5,4,4,6,4,2,4,1,5,6,6,Sufjan Stevens,Visions of Gideon,2020-05-12T00:00:00Z,29,65,15,5,0,Sufjan Stevens,Visions of Gideon,5c9qm0bMYawSyRNUTmUMs5,0.252,0.314,5,-18.197,0,0.0407,0.942,0.676,0.0892,0.2,75.056
221,2020-05-11T15:56:51Z,2020-05-11T16:04:47Z,2020-05-11T16:04:48Z,Male,18,"Other, please write below",Domestic,Australia,Italian,Staying at home for study/work,6,6,3,5,1,1,1,5,6,3,6,1,5,6,6,Freya Ridings,Castles,2020-05-12T00:00:00Z,46,81,20,6,0,Freya Ridings,Castles,5o8lxcSYAj8uXTiIHoyyA9,0.672,0.752,4,-4.866,1,0.0843,0.0046,4.7e-4,0.056,0.429,116.945
222,2020-05-11T16:18:28Z,2020-05-11T16:27:15Z,2020-05-11T16:27:16Z,Female,18,"Other, please write below",Domestic,Australia,Australia,Staying at home for study/work,5,6,4,6,2,6,6,5,3,5,4,1,4,5,3,Mac Miller,Once a Day,2020-05-12T00:00:00Z,42,53,21,14,0,Mac Miller,Once A Day,26G5nmIx7Yvq79bIIluyZV,0.762,0.054,2,-16.735,0,0.0503,0.947,0,0.124,0.339,96.838
223,2020-05-11T16:22:53Z,2020-05-11T16:34:15Z,2020-05-11T16:34:16Z,Male,18,ICTE,Domestic,"Australia, Switzerland",Caucasian,Staying at home for study/work,1,5,1,4,3,3,4,5,3,1,1,1,1,4,5,Sufijan Stevens,Mystery of Love,2020-05-12T00:00:00Z,21,51,29,18,0,Sufjan Stevens,Mystery of Love,0MNNKSUU9OOQ8DSGWduw79,0.365,0.273,4,-16.526,0,0.038,0.94,0.431,0.109,0.238,132.285
224,2020-05-11T16:20:36Z,2020-05-11T16:35:24Z,2020-05-11T16:35:25Z,Female,17,"Other, please write below",Domestic,Australia,,Staying at home for study/work,1,6,1,4,3,5,1,1,1,1,5,1,5,1,5,Halsey,Alone,2020-05-12T00:00:00Z,22,41,22,15,0,"Halsey,Big Sean,Stefflon Don",Alone (Feat. Big Sean & Stefflon Don),3tbNT2X5tfMIVeUflYbZUZ,0.445,0.662,2,-4.802,0,0.181,0.0164,0,0.219,0.479,200.04
226,2020-05-11T16:28:38Z,2020-05-11T16:56:46Z,2020-05-11T16:56:46Z,Female,21,"Other, please write below",Domestic,Australia Hong Kong,Hong Kong,Staying at home for study/work,4,4,4,3,2,4,4,5,2,1,4,1,3,1,2,Acoustic music,Acoustic music,2020-05-12T00:00:00Z,47,49,17,10,0,Years & Years,King - Acoustic,6F2FkaUiBb0RHmVnF2M003,0.451,0.195,2,-8.335,1,0.044,0.958,2.57e-6,0.104,0.286,93.706
227,2020-05-11T16:55:47Z,2020-05-11T17:07:10Z,2020-05-11T17:07:10Z,Female,17,NA,Domestic,Australian,,Still going out for study/work,3,5,2,6,3,3,3,4,4,3,3,3,3,2,3,IU,Eight,2020-05-12T00:00:00Z,39,66,21,7,0.030303030303030304,"IU,SUGA",eight(Prod.&Feat. SUGA of BTS),0pYacDCZuRhcrwGUA5nTBe,0.676,0.869,1,-1.573,1,0.0423,0.115,0,0.132,0.594,120.029
234,2020-05-11T21:17:23Z,2020-05-11T21:22:41Z,2020-05-11T21:22:42Z,Female,19,Psychology,Domestic,Australia,Australian,Staying at home for study/work,4,4,4,4,4,4,4,4,4,4,4,4,4,4,4,before you go,lewis capaldi,2020-05-12T00:00:00Z,49,42,21,18,0,Lewis Capaldi,Before You Go,7ce20yLkzuXXLUhzIDoZih,0.459,0.575,3,-4.858,1,0.0573,0.604,0,0.0885,0.183,111.881
235,2020-05-11T21:18:55Z,2020-05-11T21:26:40Z,2020-05-11T21:26:41Z,Female,18,Psychology,Domestic,Australia,Filopino/Australian,Staying at home for study/work,6,5,5,5,4,6,6,4,5,6,5,4,1,6,5,Daniel Caesar,Streetcar,2020-05-12T00:00:00Z,43,56,20,13,0,Daniel Caesar,Streetcar,7Cu2COdH93MnuireuKNiS3,0.41,0.298,3,-11.796,1,0.0473,0.721,0,0.158,0.142,109.651
236,2020-05-11T21:00:18Z,2020-05-11T21:34:49Z,2020-05-11T21:34:50Z,Female,19,Psychology,Domestic,Australia,Australian,"Other, please specify",5,4,4,4,4,5,4,5,5,4,5,1,4,4,4,Lana Del Rey,Video Games,2020-05-12T00:00:00Z,42,41,16,5,0,Lana Del Rey,Video Games - Remastered,24jvD83UgLmrdGjhWTFslY,0.236,0.249,6,-9.595,0,0.0348,0.811,1e-6,0.087,0.181,72.847
240,2020-05-12T09:47:00Z,2020-05-12T09:56:46Z,2020-05-12T09:56:47Z,Female,18,Pharmacy,Domestic,Australia,Australian/English,Staying at home for study/work,5,6,6,2,3,2,4,3,2,5,4,6,6,2,2,Ben E King,Stand By Me,2020-05-12T00:00:00Z,27,69,18,5,0,Ben E. King,Stand by Me,3SdTKo2uVsxFblQjpScoHy,0.65,0.306,9,-9.443,1,0.0393,0.57,7.07e-6,0.0707,0.605,118.068
242,2020-05-12T11:19:11Z,2020-05-12T11:30:05Z,2020-05-12T11:30:06Z,Female,19,Psychology,Domestic,Australia,Caucasian,Staying at home for study/work,5,4,4,2,2,3,3,3,2,4,4,1,1,3,3,Alec Benjamin,Mind Is A Prison,2020-05-12T00:00:00Z,44,59,17,0,0,Alec Benjamin,Mind Is A Prison,2hGQDYmjkwTS0J7Q2bM2sF,0.656,0.645,5,-5.442,0,0.0397,0.504,0,0.18,0.669,75.473
244,2020-05-12T12:19:29Z,2020-05-12T12:38:22Z,2020-05-12T12:38:23Z,Female,19,"Other, please write below",International,China,The Han nationality,Staying at home for study/work,6,5,3,6,3,5,6,5,4,4,6,1,3,6,5,Billie Eilish,Six Feet Under,2020-05-13T00:00:00Z,55,54,27,11,0,Billie Eilish,Six Feet Under,2VlLbhGLVJgdOW7kKdWWFc,0.576,0.307,11,-12.732,0,0.0428,0.807,3.55e-4,0.0792,0.157,67.513
245,2020-05-12T13:05:10Z,2020-05-12T13:15:39Z,2020-05-12T13:15:40Z,Female,17,"Other, please write below",Domestic,Australia,Australian,Staying at home for study/work,5,5,4,6,2,3,3,4,2,5,4,1,4,5,5,Billie Eilish,my strange addiction,2020-05-13T00:00:00Z,23,47,18,5,0,Billie Eilish,my strange addiction,3Tc57t9l2O8FwQZtQOvPXK,0.939,0.305,8,-10.952,0,0.354,0.35,1.69e-4,0.105,0.563,100.029
246,2020-05-12T13:29:50Z,2020-05-12T13:45:16Z,2020-05-12T13:45:17Z,Female,17,"Other, please write below",Domestic,Australia,None,Still going out for study/work,4,5,5,1,4,4,4,3,2,1,4,6,4,3,2,Subwoofer Lullaby,C418,2020-05-13T00:00:00Z,25,45,19,12,0,C418,Subwoofer Lullaby,1OJxI8lIWRqBvouJxW1nzN,0.272,0.0141,0,-23.72,1,0.039,0.921,0.919,0.104,0.0384,73.966
247,2020-05-12T15:51:50Z,2020-05-12T16:02:14Z,2020-05-12T16:02:14Z,Female,17,"Other, please write below",Domestic,Australia,Caucasian,Staying at home for study/work,6,6,3,2,4,4,5,5,3,1,5,1,6,4,6,Gang of Youths,Keep me in the open,2020-05-13T00:00:00Z,27,66,20,10,0,Gang of Youths,Keep Me In the Open,0iqgClxYXJ4zEK2XOMreVf,0.43,0.489,8,-10.422,1,0.0505,0.485,0.0355,0.133,0.0502,173.995
251,2020-05-13T10:56:10Z,2020-05-13T11:08:32Z,2020-05-13T11:08:33Z,Male,18,"Other, please write below",Domestic,Australia and India,Asian,Still going out for study/work,5,5,3,5,4,4,5,3,2,4,4,2,4,4,3,John Newman,Love Me Again,2020-05-13T00:00:00Z,18,37,23,12,0,John Newman,Love Me Again,5VSCgNlSmTV2Yq5lB40Eaw,0.495,0.894,2,-4.814,0,0.0441,0.00453,5.96e-4,0.103,0.213,126.03
252,2020-05-13T11:39:43Z,2020-05-13T11:49:37Z,2020-05-13T11:49:37Z,Female,18,"Other, please write below",Domestic,Australia,South Korea,Staying at home for study/work,6,6,4,4,2,3,4,4,5,1,4,1,6,1,1,Zara Larsson,Uncover,2020-05-13T00:00:00Z,36,47,24,15,0,Zara Larsson,Uncover,3DQisSEr1TLp9H0BEeKiQS,0.556,0.529,2,-4.464,1,0.025,0.4,0,0.268,0.308,89.887
256,2020-05-13T17:05:46Z,2020-05-13T17:20:11Z,2020-05-13T17:20:11Z,Male,18,"Other, please write below",Domestic,Australia,Indian,Staying at home for study/work,6,5,2,4,3,5,5,3,3,1,3,1,5,1,2,Glen Campbell,Southern Nights,2020-05-14T00:00:00Z,45,47,18,16,0,Glen Campbell,Southern Nights,7kv7zBjMtVf0eIJle2VZxn,0.697,0.813,11,-8.89,0,0.0315,0.0989,0.0232,0.583,0.85,95.301
257,2020-05-13T17:48:32Z,2020-05-13T17:55:30Z,2020-05-13T17:55:30Z,Female,19,Psychology,International,Malaysia,Chinese,Staying at home for study/work,4,6,3,5,4,5,5,5,6,6,3,4,3,5,6,tobi lou,I Was Sad Last Night I'm OK Now,2020-05-14T00:00:00Z,45,63,21,11,0,tobi lou,I Was Sad Last Night I'm OK Now,0gEcmyKlIUoi3sHTFVO1bE,0.87,0.637,5,-8.368,0,0.0614,0.497,3.15e-5,0.205,0.78,120.99
259,2020-05-13T21:23:07Z,2020-05-13T21:37:31Z,2020-05-13T21:37:31Z,Female,18,Psychology,Domestic,Australia,Caucasian,Staying at home for study/work,6,6,4,6,5,6,6,4,4,5,6,1,6,6,6,Gang of Youths,Magnolia,2020-05-14T00:00:00Z,36,39,19,8,0,Gang of Youths,Magnolia,5f37ixzmpPfGTFytUM66dx,0.429,0.665,6,-6.985,1,0.0327,0.618,0.0135,0.0985,0.321,92.33
261,2020-05-14T11:48:08Z,2020-05-14T12:00:44Z,2020-05-14T12:00:44Z,Female,18,"Other, please write below",Domestic,Australia,Australian,Staying at home for study/work,4,6,3,6,2,2,4,3,4,5,5,1,5,4,5,Satoshi Takebe,Summer of Farewells,2020-05-15T00:00:00Z,55,48,25,8,0,Satoshi Takebe,Summer of Farewells - From Up On Poppy Hill (Vocals by Aoi Teshima),4ExVFhrJqFqgKSUAqDM5AZ,0.51,0.331,4,-10.059,0,0.0304,0.83,1.88e-4,0.121,0.251,105.115
262,2020-05-14T13:24:37Z,2020-05-14T13:39:49Z,2020-05-14T13:39:50Z,Female,24,Psychology,Domestic,Australia,White,Staying at home for study/work,5,4,5,3,4,4,4,5,4,5,1,1,5,1,1,Celtic Woman,Siúil a Rún,2020-05-15T00:00:00Z,35,39,23,14,0,Celtic Woman,Siúil a Rún,1nGCEXgw8OGnXLNlNBHJj3,0.508,0.175,4,-13.908,0,0.0333,0.916,0,0.143,0.208,100.246
263,2020-05-14T14:18:49Z,2020-05-14T14:27:53Z,2020-05-14T14:27:53Z,Female,18,Psychology,Domestic,"Australia, England",Australian,Staying at home for study/work,3,5,4,6,4,4,2,3,4,2,4,3,5,5,6,Oceans,Hillsong,2020-05-15T00:00:00Z,34,61,18,2,0,Hillsong UNITED,Oceans (Where Feet May Fail),5Mw9bXG1dLNhbjofkVS2oR,0.262,0.361,2,-10.187,1,0.0333,0.508,0.00268,0.108,0.056,126.786
264,2020-05-14T15:16:48Z,2020-05-14T15:25:38Z,2020-05-14T15:25:38Z,Male,18,"Other, please write below",International,Hong Kong,Asian,Staying at home for study/work,4,6,2,4,2,2,5,3,6,2,2,2,2,2,2,Fonzi M,Darling,2020-05-15T00:00:00Z,52,65,7,1,0,Fonzi M,"Darling (From ""Darling in the FranXX"") [Ending 6]",4yl70tXSW1ZBioUvXppqUJ,0.43,0.322,2,-15.72,1,0.0385,0.95,0.941,0.154,0.116,91.616
265,2020-05-14T16:48:36Z,2020-05-14T17:08:17Z,2020-05-14T17:08:18Z,Male,21,Psychology,International,India,Meitei,Staying at home for study/work,5,5,5,5,6,5,5,4,4,4,5,5,5,5,4,Simple Plan,This song saved my life,2020-05-15T00:00:00Z,53,43,26,9,0,Simple Plan,This Song Saved My Life,2UruEi9ngZapmySLQLNaH5,0.513,0.879,2,-3.948,1,0.0316,0.00159,0,0.254,0.319,143.063
266,2020-05-14T17:04:33Z,2020-05-14T17:20:51Z,2020-05-14T17:20:51Z,Male,19,"Other, please write below",Domestic,Australia and Japan,Caucasian and Asian,Staying at home for study/work,1,5,1,5,4,5,4,3,3,5,1,1,5,1,1,Howl's Moving Castle,Joe Hisaischi,2020-05-15T00:00:00Z,42,61,18,3,0,Joe Hisaishi,人生のメリーゴーランド - from 'Howl's Moving Castle',3sByUy1Jfyt2b1D6xkbAMJ,0.384,0.237,7,-14.599,0,0.0358,0.87,0.661,0.108,0.207,81.518
267,2020-05-14T22:20:52Z,2020-05-14T22:33:26Z,2020-05-14T22:33:26Z,Female,19,"Other, please write below",Domestic,Australia,Australian,Staying at home for study/work,5,5,4,3,4,4,5,3,4,5,5,3,4,5,4,Spacey Jane,Straightfaced,2020-05-15T00:00:00Z,50,46,20,15,0,Spacey Jane,Straightfaced,32Te2ctHKiCarN82MVWucl,0.48,0.69,0,-5.309,1,0.0287,0.00301,0,0.0734,0.391,142.908
269,2020-05-15T09:35:57Z,2020-05-15T09:43:23Z,2020-05-15T09:43:24Z,Female,27,Psychology,Domestic,Australia,Australian,Staying at home for study/work,5,4,4,3,3,2,2,4,4,5,4,5,5,4,3,Home,Edward sharp and the magnetic zeros,2020-05-15T00:00:00Z,52,55,24,4,0,Edward Sharpe & The Magnetic Zeros,Home - 2019 - Remaster,7KWGfnsUU4Ri46TIvjpAPx,0.53,0.634,2,-5.759,1,0.0311,0.249,6.22e-4,0.0979,0.106,111.615
270,2020-05-15T09:47:35Z,2020-05-15T09:57:25Z,2020-05-15T09:57:25Z,Female,27,"Other, please write below",Domestic,USA,N/A,Staying at home for study/work,6,6,6,6,6,5,5,3,3,6,6,1,5,5,5,ICEHOUSE,GREAT SOUTHERN LAND,2020-05-15T00:00:00Z,48,55,21,18,0,ICEHOUSE,Great Southern Land,3OmEIZ6bYHqlReQ1YLaRHV,0.719,0.842,9,-5.603,1,0.0284,0.252,2.18e-4,0.0697,0.421,120.147
272,2020-05-15T10:36:57Z,2020-05-15T10:56:23Z,2020-05-15T10:56:24Z,Male,18,Psychology,Domestic,Australia,Caucasian,"Other, please specify",5,5,3,4,4,4,5,4,3,1,4,1,3,1,4,Foo Fighters,Times Like These,2020-05-15T00:00:00Z,39,52,16,12,0,Foo Fighters,Times Like These,67vYdAAM3oGsEImCRfbtsF,0.377,0.908,4,-3.793,0,0.0899,1.4e-5,1.4e-5,0.241,0.265,144.563
274,2020-05-15T14:27:14Z,2020-05-15T14:37:19Z,2020-05-15T14:37:20Z,Male,18,"Other, please write below",International,Hong Kong,Chinese,Staying at home for study/work,1,6,4,4,3,5,3,3,6,5,1,1,4,3,5,Billie Eilish,I love you,2020-05-16T00:00:00Z,44,44,20,10,0,Billie Eilish,i love you,6CcJMwBtXByIz4zQLzFkKc,0.421,0.131,0,-18.435,1,0.0382,0.952,0.00453,0.109,0.12,137.446
275,2020-05-15T14:53:29Z,2020-05-15T14:59:37Z,2020-05-15T14:59:37Z,Male,19,Psychology,Domestic,"Australia, England",Caucasian,Staying at home for study/work,6,5,3,5,2,3,4,4,5,4,2,1,5,5,2,Loyle Carner,No worries,2020-05-16T00:00:00Z,43,63,19,12,0,"Loyle Carner,Rebel Kleff,Jehst",No Worries,2ikFDsRk2VOwYuwZMPbY3g,0.719,0.675,1,-6.888,1,0.423,0.355,0.00133,0.119,0.739,90.29
279,2020-05-15T16:24:59Z,2020-05-15T16:45:45Z,2020-05-15T16:45:46Z,Male,18,"Other, please write below",Domestic,Australia,White,Staying at home for study/work,6,6,1,1,5,6,6,1,4,1,5,1,6,2,5,Silence,Marshmello,2020-05-16T00:00:00Z,41,44,27,18,0,"Marshmello,Khalid",Silence,7vGuf3Y35N4wmASOKLUVVU,0.52,0.761,4,-3.093,1,0.0853,0.256,4.96e-6,0.17,0.286,141.971
280,2020-05-15T16:05:57Z,2020-05-15T17:01:46Z,2020-05-15T17:01:47Z,Female,18,"Other, please write below",Domestic,Australia,Australian,Staying at home for study/work,5,4,4,4,3,4,4,4,3,1,5,1,4,4,4,Harry Styles,,2020-05-16T00:00:00Z,43,39,24,18,0,Harry Styles,Watermelon Sugar,6UelLqGlWMcVH1E5c4H7lY,0.548,0.816,0,-4.209,1,0.0465,0.122,0,0.335,0.557,95.39
281,2020-05-15T18:34:24Z,2020-05-15T18:45:02Z,2020-05-15T18:45:02Z,Female,18,"Other, please write below",Domestic,Australia,Australian,Still going out for study/work,5,5,6,6,4,4,6,2,4,5,6,1,6,6,6,Sticky Fingers,Rum Rage,2020-05-16T00:00:00Z,49,46,22,9,0,Sticky Fingers,Rum Rage,5uBK8Ap1BCEc4GgMcEjeic,0.594,0.273,5,-9.402,1,0.0291,0.873,0,0.0895,0.362,131.851
282,2020-05-15T20:37:19Z,2020-05-15T20:43:51Z,2020-05-15T20:43:51Z,Female,24,"Other, please write below",Domestic,Australia,Caucasian,Still going out for study/work,4,5,3,4,3,3,3,4,4,2,3,1,5,5,3,Rusted Roots,Send me on my way,2020-05-16T00:00:00Z,53,45,26,13,0,Rusted Root,Send Me on My Way,6hs3SDnbO3f6VQuPO4KBEb,0.5,0.681,0,-9.556,1,0.0672,0.114,4.01e-5,0.139,0.745,119.46
283,2020-05-16T13:04:29Z,2020-05-16T13:52:19Z,2020-05-16T13:52:20Z,Female,18,"Other, please write below",Domestic,Australia,South Korean,Staying at home for study/work,4,5,1,3,4,4,1,3,5,5,3,4,4,1,4,Eden Project,drowning.,2020-05-17T00:00:00Z,45,55,19,4,0,Eden Project,drowning.,1Gu6GxGcH3D0abQDS2IOyF,0.505,0.751,4,-4.621,0,0.0956,0.122,0,0.868,0.277,110.641
287,2020-05-17T01:25:25Z,2020-05-17T01:37:11Z,2020-05-17T01:37:12Z,Female,18,"Other, please write below",Domestic,Australian,Chinese,Staying at home for study/work,4,6,5,6,3,2,1,3,4,1,2,1,1,1,5,Joe Hisaishi,The Sixth Station,2020-05-17T00:00:00Z,50,43,18,9,0,Joe Hisaishi,The Sixth Station,0id1qkWX2s92QjBJcQZj8r,0.302,0.0467,4,-25.773,0,0.0353,0.88,0.798,0.0923,0.0392,77.882
293,2020-05-17T18:30:55Z,2020-05-17T18:42:16Z,2020-05-17T18:42:16Z,Male,18,"Other, please write below",Domestic,"Australia, India","Sikh, Indians, Australians",Staying at home for study/work,4,5,4,4,5,5,4,4,4,3,5,2,4,3,5,Highly suspect,My name is human,2020-05-18T00:00:00Z,46,68,20,9,0,Highly Suspect,My Name Is Human,1euszbbvkUzQzIhZUWFmXG,0.515,0.698,2,-5.572,0,0.0279,5.71e-5,8.64e-5,0.0827,0.194,139.96
296,2020-05-17T23:06:34Z,2020-05-17T23:13:01Z,2020-05-17T23:13:01Z,Male,19,Psychology,Domestic,Australia,Asian,"Other, please specify",6,6,4,5,6,6,3,5,6,6,6,1,1,1,4,Joep Beving,Midwayer,2020-05-18T00:00:00Z,31,58,28,18,0,Joep Beving,Midwayer,6gLsyO69WqFXUYJK5mCaOt,0.326,0.0735,0,-24.975,1,0.0419,0.991,0.873,0.0481,0.0875,135.209
297,2020-05-11T09:06:40Z,2020-05-11T09:12:47Z,2020-05-18T09:13:02Z,Female,18,"Other, please write below",Domestic,Australia,Australian,Staying at home for study/work,6,5,4,5,3,4,4,5,2,4,4,1,5,6,6,Metro Station,Shake it,2020-05-18T00:00:00Z,41,50,NA,NA,0.06060606060606061,Metro Station,Shake It,5619Ojc6t9evEEs3B7Drhe,0.618,0.955,4,-3.836,1,0.0798,0.00221,3.09e-6,0.486,0.79,150.034
298,2020-05-18T14:19:47Z,2020-05-18T14:29:33Z,2020-05-18T14:29:34Z,Female,18,Psychology,Domestic,Australia,Australian / white,Staying at home for study/work,5,4,4,5,5,5,5,3,3,4,3,1,4,4,5,Coda,Fighting Gold,2020-05-19T00:00:00Z,44,54,21,8,0,Coda,Fighting Gold - English Ver.,3ctjtVccN19v7werEH64nh,0.42,0.914,10,-2.28,1,0.06,0.0149,2e-6,0.294,0.423,91.95
309,2020-05-18T18:29:53Z,2020-05-18T18:43:41Z,2020-05-18T18:43:41Z,Female,19,Business,Domestic,Iraq,Iraqi,Staying at home for study/work,5,6,4,6,4,2,1,3,6,5,1,1,3,4,5,Harry Styles,Fine Line,2020-05-19T00:00:00Z,42,29,15,9,0,Harry Styles,Fine Line,6VzcQuzTNTMFnJ6rBSaLH9,0.306,0.347,2,-8.5,1,0.0334,0.172,1.3e-4,0.0485,0.0511,120.996
313,2020-05-19T10:39:39Z,2020-05-19T10:53:25Z,2020-05-19T10:53:26Z,Female,18,Psychology,Domestic,Australia,Australian,Staying at home for study/work,5,4,4,5,6,6,6,5,6,5,6,1,5,4,1,Evan Rachel Wood,All Is Found,2020-05-19T00:00:00Z,46,46,22,6,0,Evan Rachel Wood,All Is Found,61HVbcNeRACZpyvHrc3AnD,0.228,0.204,5,-12.319,1,0.0387,0.926,1.1e-5,0.092,0.195,83.372
316,2020-05-20T12:43:53Z,2020-05-20T13:30:58Z,2020-05-20T13:30:58Z,Female,19,"Other, please write below",Domestic,Australia,Caucasian,Staying at home for study/work,4,5,4,4,4,3,3,4,2,3,4,1,5,3,4,,Come on Eileen,2020-05-21T00:00:00Z,49,45,20,12,0,Dexys Midnight Runners,Come On Eileen,3MrWxJaD2AT0W9DjWF64Vm,0.45,0.656,2,-7.049,1,0.0472,0.664,3.02e-6,0.259,0.782,106.61
317,2020-05-20T15:11:30Z,2020-05-20T15:23:19Z,2020-05-20T15:23:19Z,Male,22,"Other, please write below",Domestic,Australia,Australian/Italian,Still going out for study/work,6,4,4,4,4,5,4,3,1,4,5,4,4,5,3,Blackbear,,2020-05-21T00:00:00Z,44,38,23,17,0,blackbear,hot girl bummer,7aiClxsDWFRQ0Kzk5KI5ku,0.778,0.559,6,-7.109,0,0.0776,0.128,0,0.399,0.678,129.989
321,2020-05-20T18:57:53Z,2020-05-20T19:09:24Z,2020-05-20T19:09:25Z,Female,18,Psychology,Domestic,Australia/New Zealand,Caucasian/asian,Staying at home for study/work,6,5,5,5,5,5,5,4,5,3,3,2,5,5,5,Lewis Capaldi,grace,2020-05-21T00:00:00Z,49,61,25,10,0,Lewis Capaldi,Grace,0pEkK8MqbmGSX7fT8WLMbR,0.722,0.565,4,-5.848,1,0.0335,0.435,0,0.165,0.488,104.483
324,2020-05-21T15:21:08Z,2020-05-21T15:35:35Z,2020-05-21T15:35:35Z,Male,23,Psychology,International,Singapore,Singaporean chinese,Staying at home for study/work,6,6,6,6,6,6,6,6,6,6,6,3,6,3,6,Lui Peng,Demons,2020-05-22T00:00:00Z,57,70,19,11,0,"Lui Peng,Che Lingo","Demons, Chapter 2",5fYDTP8dqVP7buF2Jduy2C,0.647,0.524,9,-8.223,0,0.353,0.544,0,0.0932,0.599,175.969
326,2020-05-21T15:34:33Z,2020-05-21T15:43:35Z,2020-05-21T15:43:35Z,Female,20,Psychology,International,Indonesia,South East Asian,Staying at home for study/work,3,5,4,5,4,6,6,6,6,5,3,1,5,3,4,Frank Ocean,Cayendo,2020-05-22T00:00:00Z,29,51,19,12,0,Frank Ocean,Cayendo (Side A - Acoustic),72794Eag03xdy7TO0KNuid,0.35,0.12,3,-11.104,0,0.0393,0.982,2.89e-4,0.103,0.121,68.995
327,2020-05-21T15:35:05Z,2020-05-21T15:45:53Z,2020-05-21T15:45:53Z,Female,22,Psychology,International,Vietnam,Asian,Staying at home for study/work,4,4,2,3,4,2,3,4,4,4,2,2,3,3,2,Many artist,Many songs,2020-05-22T00:00:00Z,43,47,21,3,0,Ray Newman And His Boys,How Many Times (Recorded 1936),3KDJ59UE5kcfCCmc6GOWWe,0.809,0.35,7,-11.966,1,0.112,0.995,0.882,0.156,0.944,128.072
328,2020-05-21T15:35:04Z,2020-05-21T15:46:07Z,2020-05-21T15:46:08Z,Female,19,Psychology,International,Indonesia,Indonesian,Staying at home for study/work,4,6,4,5,5,5,4,4,4,5,5,4,5,6,6,BTS,Boy with Luv,2020-05-22T00:00:00Z,54,64,17,14,0,"BTS,Halsey",Boy With Luv (feat. Halsey),5KawlOMHjWeUjQtnuRs22c,0.645,0.862,11,-4.757,0,0.0965,0.0923,0,0.192,0.798,119.991
329,2020-05-21T15:34:49Z,2020-05-21T15:47:16Z,2020-05-21T15:47:17Z,Female,21,Psychology,International,Thailand,Thai,Staying at home for study/work,5,6,4,4,4,3,4,4,4,1,3,1,4,5,5,Violette Wautier,Monster,2020-05-22T00:00:00Z,47,46,25,16,0,Violette Wautier,Monster,5xYAKOUGCZEPjwA25mE1c5,0.505,0.81,5,-4.75,0,0.0438,0.00317,0,0.224,0.296,144.921
333,2020-05-21T16:13:25Z,2020-05-21T16:17:38Z,2020-05-21T16:17:38Z,Male,24,Psychology,International,Hong Kong,Hong Kong,Still going out for study/work,2,2,2,2,2,2,2,2,2,2,2,2,2,2,2,Imagine Dragons,Demons,2020-05-22T00:00:00Z,65,50,17,2,0,Imagine Dragons,Demons,3LlAyCYU26dvFZBDUIMb7a,0.505,0.71,3,-3.015,1,0.0321,0.19,2.5e-4,0.329,0.428,89.938
335,2020-05-21T16:02:34Z,2020-05-21T16:19:32Z,2020-05-21T16:19:32Z,Female,22,Psychology,International,Thailand,Thai,Staying at home for study/work,4,5,5,4,4,3,4,4,2,5,5,5,4,5,5,Waves,Dean Lewis,2020-05-22T00:00:00Z,45,41,24,16,0,Dean Lewis,Waves,6w8pFOKn42O418qwcQElZ3,0.518,0.729,11,-7.193,0,0.0452,0.183,0,0.0643,0.343,156.879
336,2020-05-21T16:14:34Z,2020-05-21T16:29:45Z,2020-05-21T16:29:45Z,Female,20,Psychology,International,Singapore,Chinese,Staying at home for study/work,4,6,6,6,3,5,6,4,4,2,2,2,4,6,6,The Script,Run Through Walls,2020-05-22T00:00:00Z,27,66,16,7,0,The Script,Run Through Walls,7ybTXgmWoVFV33te4kVlUR,0.337,0.66,2,-3.644,1,0.0324,0.226,0,0.744,0.49,158.864
337,2020-05-21T16:29:12Z,2020-05-21T16:41:36Z,2020-05-21T16:41:37Z,Female,21,Psychology,International,Indonesia,Chinese,Staying at home for study/work,5,5,4,5,6,6,5,4,4,5,1,4,1,3,4,Hillsong,,2020-05-22T00:00:00Z,52,40,22,14,0,Hillsong UNITED,Oceans (Where Feet May Fail),5Mw9bXG1dLNhbjofkVS2oR,0.262,0.361,2,-10.187,1,0.0333,0.508,0.00268,0.108,0.056,126.786
338,2020-05-21T17:05:40Z,2020-05-21T17:15:40Z,2020-05-21T17:15:41Z,Female,20,Psychology,International,Singapore,Indian,Staying at home for study/work,4,4,4,5,2,4,4,2,2,4,4,1,5,4,4,The Sweeplings,Hold Me,2020-05-22T00:00:00Z,49,57,19,8,0,The Sweeplings,Hold Me,7spcwLd3N30fMwD7xtO84I,0.554,0.29,7,-10.92,1,0.0327,0.872,0,0.082,0.0845,136.073
341,2020-05-21T19:29:48Z,2020-05-21T19:40:33Z,2020-05-21T19:40:33Z,Female,21,Psychology,International,Indonesia,Indonesian/Asian,Staying at home for study/work,4,5,5,6,5,4,4,6,5,4,5,5,3,5,5,SEVENTEEN,Hug,2020-05-22T00:00:00Z,54,68,19,12,0,SEVENTEEN,Hug,5ZQFP6rsYhNaFuQNaoTzgV,0.469,0.233,4,-9.381,1,0.0442,0.907,0,0.108,0.393,135.308
342,2020-05-21T19:21:43Z,2020-05-21T19:42:37Z,2020-05-21T19:42:37Z,Female,20,Psychology,International,France,European,Staying at home for study/work,5,4,6,4,3,5,6,5,4,6,6,1,6,5,4,Agnes Obel,Riverside,2020-05-22T00:00:00Z,43,64,22,11,0,Agnes Obel,Riverside,7kaub3iYrvVz5gaPVemsWE,0.648,0.189,9,-13.553,0,0.0311,0.984,3.75e-4,0.132,0.231,98.891
343,2020-05-21T19:52:24Z,2020-05-21T20:11:06Z,2020-05-21T20:11:06Z,Female,22,Psychology,International,Malaysia,Malaysian Malay,Staying at home for study/work,4,6,4,2,2,5,5,3,1,3,3,1,5,6,6,Ben Platt,You Will Be Found,2020-05-22T00:00:00Z,51,82,17,2,0,"Ben Platt,Kristolyn Lloyd,Will Roland,Laura Dreyfuss,Original Broadway Cast of Dear Evan Hansen",You Will Be Found,1H7Zqkq54andtaSSnLRrfp,0.293,0.624,9,-7.13,1,0.0613,0.0865,0,0.0874,0.213,87.335
344,2020-05-21T20:58:12Z,2020-05-21T21:11:03Z,2020-05-21T21:11:03Z,Female,21,Psychology,International,Hong Kong,Chinese,Staying at home for study/work,5,4,5,3,3,4,4,4,2,4,4,1,5,5,3,Bahamas,All I’ve ever know,2020-05-22T00:00:00Z,58,79,14,4,0,Bahamas,All I've Ever Known,7I8ftQPSknxqIH8jiuh6iv,0.681,0.202,5,-11.16,1,0.0317,0.688,0.247,0.108,0.254,126.05
345,2020-05-21T21:29:53Z,2020-05-21T21:42:16Z,2020-05-21T21:42:17Z,Female,17,Psychology,International,Taiwan,Asian,Staying at home for study/work,5,4,4,5,4,5,5,3,6,6,6,4,4,4,4,Maisie Peters,The List,2020-05-22T00:00:00Z,47,38,24,19,0,Maisie Peters,The List,1Nm13xmpLsLvFsUp4vR8ED,0.726,0.404,7,-10.311,1,0.0931,0.884,0,0.137,0.302,117.023
347,2020-05-21T22:55:09Z,2020-05-21T23:06:18Z,2020-05-21T23:06:19Z,Female,19,Psychology,International,Hong Kong,Chinese,Staying at home for study/work,4,6,5,3,3,3,3,3,5,4,4,3,3,4,5,Endy chow,Children Song,2020-05-22T00:00:00Z,44,53,17,8,0,Endy Chow,Children Song,5CamFNiR231zWyRQDDIRRr,0.462,0.554,11,-5.922,1,0.029,0.312,4.47e-4,0.105,0.48,158.057
348,2020-05-22T02:34:07Z,2020-05-22T02:54:25Z,2020-05-22T02:54:25Z,Female,21,Psychology,International,Peru,south american,"Other, please specify",6,6,6,6,3,5,5,2,2,6,6,1,1,6,6,the weekend,blinding lights,2020-05-22T00:00:00Z,48,43,26,13,0,The Weeknd,Blinding Lights,0VjIjW4GlUZAMYd2vXMi3b,0.514,0.73,1,-5.934,1,0.0598,0.00146,9.54e-5,0.0897,0.334,171.005
349,2020-05-22T10:00:06Z,2020-05-22T10:17:43Z,2020-05-22T10:17:43Z,Female,21,Psychology,International,Singapore,Chinese,Staying at home for study/work,1,5,5,5,2,4,5,3,4,1,5,1,4,6,5,Ariana Grande,Breathin,2020-05-22T00:00:00Z,49,83,18,11,0,Ariana Grande,breathin,4OafepJy2teCjYJbvFE60J,0.568,0.656,8,-5.413,1,0.0433,0.0211,1.37e-5,0.213,0.364,100.049
350,2020-05-22T15:05:31Z,2020-05-22T15:15:42Z,2020-05-22T15:15:43Z,Female,22,"Other, please write below",International,south korea,asian,Staying at home for study/work,6,6,6,6,6,6,6,5,5,6,6,4,6,4,3,BTS,spring day,2020-05-23T00:00:00Z,49,79,19,10,0,BTS,Spring Day,0WNGsQ1oAuHzNTk8jivBKW,0.539,0.846,8,-3.192,1,0.0354,0.0063,1.68e-6,0.13,0.46,106.992
353,2020-05-22T15:54:04Z,2020-05-22T16:04:10Z,2020-05-22T16:04:11Z,Female,19,Psychology,International,Hong Kong,Chinese,Staying at home for study/work,3,5,4,3,4,4,3,4,4,4,3,3,5,5,4,Camila Cabello,Easy,2020-05-23T00:00:00Z,42,46,20,18,0,Camila Cabello,Easy,46D0hYb1B7qiU33VtXt21W,0.574,0.593,4,-5.731,0,0.0463,0.411,1.55e-6,0.0966,0.355,128.073
355,2020-05-22T16:04:30Z,2020-05-22T17:17:13Z,2020-05-22T17:17:13Z,Female,22,Psychology,International,Indonesia,Chinese,Staying at home for study/work,3,5,5,4,2,4,4,3,4,4,5,2,5,3,2,Good Charlotte,The motivation proclamation,2020-05-23T00:00:00Z,49,59,17,2,0,Good Charlotte,The Motivation Proclamation,6FAhgsJHPMrBw2p1edPUno,0.342,0.863,7,-4.109,1,0.0722,0.0604,0,0.149,0.313,167.847
356,2020-05-22T17:41:38Z,2020-05-22T17:49:10Z,2020-05-22T17:49:11Z,Male,19,"Other, please write below",Domestic,australia,Persian,Staying at home for study/work,5,5,5,4,5,5,5,4,3,5,5,5,5,5,5,Frank Ocean,Pink and White,2020-05-23T00:00:00Z,44,63,25,13,0,Frank Ocean,Pink + White,3xKsf9qdS1CyvXSMEid6g8,0.544,0.552,9,-7.45,1,0.0991,0.67,4.57e-5,0.415,0.554,159.738
357,2020-05-22T21:35:16Z,2020-05-22T21:44:51Z,2020-05-22T21:44:52Z,Male,20,Psychology,International,Hong Kong,Hongkongese,Still going out for study/work,5,5,4,6,5,5,5,4,4,4,4,4,4,5,4,Lewis Capalsi,Before You Go,2020-05-23T00:00:00Z,48,58,19,15,0,Lewis Capaldi,Before You Go,7ce20yLkzuXXLUhzIDoZih,0.459,0.575,3,-4.858,1,0.0573,0.604,0,0.0885,0.183,111.881
358,2020-05-22T23:30:44Z,2020-05-22T23:37:57Z,2020-05-22T23:37:58Z,Male,19,"Other, please write below",Domestic,australia,caucasian,Still going out for study/work,6,5,4,4,5,4,5,2,4,3,5,1,3,5,4,daydream masi,lately,2020-05-23T00:00:00Z,28,32,14,19,0,daydream Masi,Lately,6K1fLqDS1ntEEQ1HtjeZxW,0.564,0.633,0,-6.394,0,0.149,0.606,2.62e-4,0.296,0.433,128.926
359,2020-05-23T00:38:54Z,2020-05-23T00:46:01Z,2020-05-23T00:46:02Z,Male,19,"Other, please write below",Domestic,iran,iranian,Staying at home for study/work,5,5,4,5,5,3,5,4,3,3,3,1,5,6,4,weekend,blinding lights,2020-05-23T00:00:00Z,40,51,24,16,0,The Weeknd,Blinding Lights,0VjIjW4GlUZAMYd2vXMi3b,0.514,0.73,1,-5.934,1,0.0598,0.00146,9.54e-5,0.0897,0.334,171.005
360,2020-05-23T10:24:27Z,2020-05-23T10:33:28Z,2020-05-23T10:33:29Z,Female,20,Psychology,International,Thailand,Asian,Staying at home for study/work,6,6,5,3,5,5,5,5,5,3,6,2,6,5,3,Surfaces,24/7/365,2020-05-23T00:00:00Z,42,47,24,20,0,Surfaces,24 / 7 / 365,0ClnfM4PI0wjlCVTJc9lP7,0.752,0.65,4,-6.194,1,0.0334,0.264,1.38e-6,0.313,0.904,141.16
362,2020-05-23T15:51:33Z,2020-05-23T16:03:47Z,2020-05-23T16:03:47Z,Female,19,Psychology,International,Vietnam,Vietnamese,Staying at home for study/work,4,6,5,5,4,5,5,6,4,5,4,5,5,5,4,The Paper Kites,Bloom,2020-05-24T00:00:00Z,44,48,16,6,0,The Paper Kites,Bloom - Bonus Track,41yIvlFgvGwxq8qTqAR7eG,0.592,0.416,1,-9.794,1,0.0246,0.882,5.86e-4,0.112,0.417,96.002
363,2020-05-23T19:42:03Z,2020-05-23T19:52:05Z,2020-05-23T19:52:06Z,Female,18,"Other, please write below",Domestic,Australia,Asian,Staying at home for study/work,4,5,1,4,1,1,3,2,4,4,1,4,4,1,3,Birds of Tokyo,Good Lord,2020-05-24T00:00:00Z,46,54,18,4,0,Birds Of Tokyo,Good Lord,1phQKWHtgf97gJIEJ5JPBK,0.533,0.695,0,-4.819,1,0.0492,0.00539,0,0.236,0.216,155.964
365,2020-05-24T13:50:08Z,2020-05-24T14:11:14Z,2020-05-24T14:11:15Z,Female,20,Psychology,International,Malaysia,Malaysian,"Other, please specify",4,5,4,5,4,5,5,1,4,5,1,1,5,1,4,Jeremy Zucker,"always, i'll care",2020-05-25T00:00:00Z,45,35,22,15,0,Jeremy Zucker,"always, i'll care",63nJIngH6cMV70V5IUx3Ex,0.766,0.163,6,-15.975,1,0.0573,0.92,1.32e-4,0.107,0.634,104.957
366,2020-05-24T21:45:55Z,2020-05-24T22:02:50Z,2020-05-24T22:02:51Z,Female,32,Psychology,International,singapore,indian,Staying at home for study/work,5,6,5,6,4,4,5,6,6,6,4,2,6,6,6,justin bieber,love yourself,2020-05-25T00:00:00Z,56,63,33,15,0,Justin Bieber,Love Yourself,50kpGaPAhYJ3sGmk6vplg0,0.609,0.378,4,-9.828,1,0.438,0.835,0,0.28,0.515,100.418
367,2020-05-25T20:41:03Z,2020-05-25T20:44:47Z,2020-05-25T20:44:48Z,Female,22,Business,International,Chinese,Chinese,In self-isolation because you have been in close contact with a confirmed case,3,2,2,2,3,3,4,4,2,1,4,4,5,5,3,Jay,Lemon,2020-05-26T00:00:00Z,41,56,22,4,0,"Roger Kellaway,Jay Leonhart,Peter Erskine",Sweetness,3MU1qPFFyJQy1RbmpLH0mb,0.337,0.162,8,-18.071,1,0.0345,0.917,0.576,0.152,0.0887,82.256
368,2020-05-25T20:35:30Z,2020-05-25T20:45:09Z,2020-05-25T20:45:10Z,Male,18,Business,Domestic,Australia,Caucasian,Still going out for study/work,1,6,2,4,4,5,4,2,4,1,1,1,1,6,5,Fallen - Electric,Jaden,2020-05-26T00:00:00Z,27,61,13,13,0,Jaden,Fallen - Electric,7cQ5Prf8YH4NPlf1qEs8Wm,0.222,0.405,1,-12.025,0,0.0334,0.747,0.00451,0.0832,0.195,106.117
369,2020-05-25T20:37:23Z,2020-05-25T20:46:38Z,2020-05-25T20:46:39Z,Female,19,"Other, please write below",Domestic,Australia,,Staying at home for study/work,4,5,4,4,2,4,5,4,4,4,5,1,5,6,4,Peach tree rascals,Not ok,2020-05-26T00:00:00Z,40,77,15,0,0,Peach Tree Rascals,not ok,6QT52j2GlfXHGR2sSCHLAU,0.661,0.732,10,-3.701,1,0.0772,0.135,0,0.117,0.515,151.93
370,2020-05-25T20:35:42Z,2020-05-25T20:46:44Z,2020-05-25T20:46:45Z,Female,18,Business,Domestic,Australia,,Staying at home for study/work,2,5,4,2,2,3,3,3,3,4,5,1,5,2,2,Bazzi,Renee’s Song,2020-05-26T00:00:00Z,59,66,8,0,0,Bazzi,Renee's Song,13iMiwdY7pgE1f7NwYKr1D,0.593,0.229,9,-8.888,1,0.0307,0.794,0,0.167,0.42,117.823
371,2020-05-25T20:34:43Z,2020-05-25T20:46:50Z,2020-05-25T20:46:50Z,Male,19,Business,Domestic,Australia,,"Other, please specify",4,5,4,4,3,5,5,5,5,5,4,1,4,1,4,Justice der,Self Control,2020-05-26T00:00:00Z,45,53,20,3,0,Justice Der,Self Control,5UmjHuYRItemped2xd3Qx4,0.599,0.013,5,-32.126,0,0.0348,0.988,0.911,0.129,0.359,94.972
373,2020-05-25T20:35:28Z,2020-05-25T20:47:35Z,2020-05-25T20:47:35Z,Male,18,Business,Domestic,Australia,Chinese,Staying at home for study/work,1,5,2,4,2,4,4,4,6,3,3,1,1,4,2,Frank Sinatra,New York New York,2020-05-26T00:00:00Z,31,54,25,11,0,Frank Sinatra,"New York, New York - Live At The Meadowlands Arena/1986",5jvDP0MeJuzecq7g98Hhjf,0.377,0.633,2,-8.381,1,0.14,0.757,0,0.953,0.397,111.643
374,2020-05-25T20:34:41Z,2020-05-25T20:48:21Z,2020-05-25T20:48:22Z,Male,18,Business,Domestic,Australia,Sri Lankan,Still going out for study/work,4,4,4,4,4,4,4,4,4,4,4,4,4,4,4,Joyner Lucas,Will,2020-05-26T00:00:00Z,52,84,27,0,0,"Joyner Lucas,Will Smith",Will - Remix,6WI33r2QRxyxttn3KH0XkC,0.766,0.579,9,-8.426,0,0.287,0.107,6.42e-4,0.143,0.217,142.932
375,2020-05-25T20:36:27Z,2020-05-25T20:50:48Z,2020-05-25T20:50:48Z,Female,18,Business,Domestic,Australia,,Staying at home for study/work,4,4,2,5,4,5,1,3,3,4,6,1,4,1,5,Fink,Looking too closely,2020-05-26T00:00:00Z,31,60,25,8,0,Fink,Looking Too Closely,7bhI6rnvaVw8qgZPn32qE0,0.477,0.519,2,-12.461,1,0.0358,0.328,0.748,0.0949,0.102,175.094
377,2020-05-25T20:38:28Z,2020-05-25T20:52:05Z,2020-05-25T20:52:06Z,Female,18,Business,Domestic,Australia,Caucasian,Staying at home for study/work,3,5,1,3,1,5,5,5,5,1,1,1,1,1,5,D.O,That's okay,2020-05-26T00:00:00Z,43,43,18,11,0,D.O.,That's okay,2Ghu1DdMwxS3VAyB7i38Wo,0.679,0.442,7,-8.928,1,0.0637,0.723,0,0.231,0.628,129.671
378,2020-05-25T20:36:21Z,2020-05-25T20:53:32Z,2020-05-25T20:53:32Z,Male,17,Business,Domestic,Australia,Australian,Staying at home for study/work,6,6,5,5,5,5,1,3,2,1,4,1,6,5,3,Marshmello,Light It Up,2020-05-26T00:00:00Z,35,49,19,12,0,"Marshmello,Tyga,Chris Brown",Light It Up (with Tyga & Chris Brown),4Q8aDd3H6LF8t4eY7So9O8,0.81,0.625,11,-3.593,0,0.071,0.0407,1.53e-6,0.118,0.598,100.019
379,2020-05-25T20:44:16Z,2020-05-25T20:53:54Z,2020-05-25T20:53:55Z,Female,20,Business,Domestic,Australia,South Africa,"Other, please specify",6,4,5,6,3,6,5,4,4,5,3,1,4,1,1,Arvo Part,Spiegel im Spiegel,2020-05-26T00:00:00Z,39,41,21,14,0,"Arvo Pärt,Angèle Dubeau,La Pietà",Spiegel im spiegel,7zHd9LxIZB8WKosSWN9Umj,0.123,0.0644,5,-28.383,1,0.0373,0.707,0.00365,0.11,0.0711,84.208
380,2020-05-25T20:38:50Z,2020-05-25T20:54:01Z,2020-05-25T20:54:01Z,Female,20,Business,Domestic,Australia,Vietnamese,Staying at home for study/work,1,5,4,6,2,5,3,1,4,1,6,1,1,1,6,CHPTES,Obvious,2020-05-26T00:00:00Z,49,47,21,9,0,"UTAH,CHPTRS",Obvious (Remix),5del7XGTt8Ndw6IJwlnUkM,0.483,0.54,2,-10.605,1,0.0344,0.0143,0.163,0.0742,0.088,159.919
382,2020-05-25T20:46:32Z,2020-05-25T20:56:37Z,2020-05-25T20:56:38Z,Female,18,Business,Domestic,New Zealand,British,Staying at home for study/work,3,5,3,3,3,4,3,4,4,4,4,2,1,1,5,BTS,Answer : Love Myself,2020-05-26T00:00:00Z,36,42,19,7,0,BTS,Answer : Love Myself,4eVkn18rN4GguUWOsR6Use,0.569,0.793,1,-3.749,1,0.0405,0.189,0,0.111,0.45,108.048
384,2020-05-25T20:56:23Z,2020-05-25T21:03:44Z,2020-05-25T21:03:45Z,Female,18,"Other, please write below",Domestic,Malaysia,Chinese,Staying at home for study/work,2,5,2,4,4,5,5,5,2,2,3,1,1,3,4,Sasha Sloan,Keep On,2020-05-26T00:00:00Z,52,60,14,5,0,Sasha Sloan,Keep On,4gbB4ORVF9jqFWgPF8277Z,0.762,0.582,8,-8.819,1,0.104,0.485,0,0.113,0.297,139.998
385,2020-05-25T20:58:16Z,2020-05-25T21:14:12Z,2020-05-25T21:14:12Z,Female,19,Business,International,Hong kong,Chinese,Staying at home for study/work,4,4,4,4,3,3,3,4,3,4,4,5,5,4,4,Lauren diagle,You say,2020-05-26T00:00:00Z,42,67,18,7,0,Lauren Daigle,You Say,6Up545NUflOiXo8cEraH49,0.494,0.632,5,-6.89,1,0.0342,0.682,0,0.0869,0.0797,147.873
386,2020-05-25T21:04:57Z,2020-05-25T21:15:59Z,2020-05-25T21:15:59Z,Female,19,Business,Domestic,Australia and the UK,Caucasian,Staying at home for study/work,3,5,5,3,2,4,4,5,4,3,6,1,5,5,5,Rothwell,Darling,2020-05-26T00:00:00Z,45,59,20,7,0,Rothwell,Darling,55Fs8h2Ui6YQZEFNaM7MdC,0.492,0.189,6,-6.545,1,0.0395,0.95,0,0.266,0.257,128.176
387,2020-05-25T21:06:23Z,2020-05-25T21:16:25Z,2020-05-25T21:16:25Z,Female,19,Business,International,Brazil,Caucasian,Staying at home for study/work,5,6,3,5,4,5,5,2,2,6,5,1,4,6,5,Jeremy Passion,Lemonade,2020-05-26T00:00:00Z,39,49,32,19,0,Jeremy Passion,Lemonade - Ukulele Version,5nJzWhlrBfn3cfDLlaAgAO,0.546,0.221,2,-8.915,1,0.063,0.868,0,0.0994,0.593,128.144
388,2020-05-25T21:13:24Z,2020-05-25T21:20:10Z,2020-05-25T21:20:10Z,Female,19,Business,Domestic,"Australia, Great Britain",White,Still going out for study/work,4,5,2,4,5,5,5,5,5,4,5,1,4,4,4,Walking in the air,Aled jones,2020-05-26T00:00:00Z,47,74,20,10,0,Aled Jones,Walking In the Air,0SNmNadWK9EnMVAvZWiNWw,0.358,0.185,2,-14.487,0,0.0306,0.842,0.0059,0.07,0.0956,98.771
389,2020-05-25T21:11:28Z,2020-05-25T21:21:07Z,2020-05-25T21:21:08Z,Male,18,Business,Domestic,New Zealand,Indian,Staying at home for study/work,4,6,4,4,3,3,2,4,2,1,4,1,4,3,6,NF,Let me go,2020-05-26T00:00:00Z,37,54,18,13,0,NF,Let Me Go,2PqSOrlabozEH6KXs7BvQr,0.554,0.337,9,-9.503,1,0.197,0.456,6.18e-6,0.115,0.137,173.877
390,2020-05-25T21:02:09Z,2020-05-25T21:22:57Z,2020-05-25T21:22:57Z,Female,18,Business,Domestic,Germany / Australia,German / Australian,Staying at home for study/work,1,5,5,5,3,3,3,3,6,3,6,1,4,6,6,Ashe,In Disguise,2020-05-26T00:00:00Z,41,65,16,6,0,Ashe,In Disguise,0AIg9KbmcCe9JS9lSMlOkV,0.688,0.705,6,-5.15,0,0.0366,0.138,0,0.0786,0.671,107.021
392,2020-05-25T21:40:19Z,2020-05-25T21:48:00Z,2020-05-25T21:48:00Z,Male,18,Business,Domestic,Australia,Australian,Staying at home for study/work,6,5,6,4,2,3,4,3,1,5,6,1,6,6,1,Travis Scott,Apple Pie,2020-05-26T00:00:00Z,18,49,17,16,0,Travis Scott,Apple Pie,6scpNkWEmUxmKY7nYjVLsX,0.655,0.496,3,-4.139,0,0.0364,0.0335,0,0.156,0.28,137.945
393,2020-05-25T22:22:58Z,2020-05-25T22:40:57Z,2020-05-25T22:40:57Z,Female,19,Business,International,China,Buddhism,Staying at home for study/work,4,5,4,6,4,5,5,5,4,5,5,5,4,5,5,Skylar Grey,coming home,2020-05-26T00:00:00Z,41,44,21,17,0,"Diddy - Dirty Money,Skylar Grey",Coming Home,6Iocm6VMu6bVNYwiDoyQFW,0.392,0.839,7,-1.921,1,0.193,0.158,0,0.3,0.232,168.001
395,2020-05-25T22:45:27Z,2020-05-25T22:55:08Z,2020-05-25T22:55:08Z,Female,18,Business,Domestic,Australia,Australian,Staying at home for study/work,4,6,2,5,3,2,2,6,5,5,6,6,6,5,3,Hillsong,Every Little Thing,2020-05-26T00:00:00Z,35,43,16,11,0,Hillsong Young & Free,Every Little Thing,3skkHSk5KA7akip3Ey6Xjx,0.476,0.684,5,-6.256,1,0.0314,0.049,0,0.158,0.448,154.85
396,2020-05-25T22:39:43Z,2020-05-25T23:06:11Z,2020-05-25T23:06:12Z,Male,21,Business,Domestic,Australia,African,Still going out for study/work,1,6,4,4,6,5,5,4,5,1,4,1,1,1,1,100 gecs,ringtone,2020-05-26T00:00:00Z,23,30,23,18,0,"100 gecs,Laura Les,Dylan Brady",ringtone,3VHiIVQe8Sc6gtSsTp3pDz,0.612,0.349,8,-6.984,1,0.26,0.0779,0,0.202,0.79,107.929
397,2020-05-26T00:29:39Z,2020-05-26T00:38:23Z,2020-05-26T00:38:24Z,Female,18,Business,Domestic,Australia,Australian/Caucasian,Staying at home for study/work,5,5,5,6,4,4,6,5,2,4,6,1,6,6,6,Surfaces,24/7/365,2020-05-26T00:00:00Z,43,77,21,8,0,Surfaces,24 / 7 / 365,0ClnfM4PI0wjlCVTJc9lP7,0.752,0.65,4,-6.194,1,0.0334,0.264,1.38e-6,0.313,0.904,141.16
399,2020-05-26T06:37:22Z,2020-05-26T06:48:08Z,2020-05-26T06:48:08Z,Female,18,Business,Domestic,Australia,Croatian,Staying at home for study/work,6,5,3,3,4,5,5,6,6,4,6,1,3,3,4,Oliver Dragojevic,Kad Mi Dođeš Ti,2020-05-26T00:00:00Z,40,46,25,18,0,Oliver Dragojevic,Kad Mi Dođeš Ti,1wPCOx2a3ZotQGxpbtjXHL,0.512,0.465,7,-9.143,1,0.0244,0.428,1.07e-5,0.226,0.284,98.906
400,2020-05-26T07:27:21Z,2020-05-26T07:38:24Z,2020-05-26T07:38:25Z,Male,18,Business,Domestic,Australia,,Still going out for study/work,5,4,3,3,2,4,3,5,5,3,3,1,1,1,1,Carpenters,Top of the World,2020-05-26T00:00:00Z,52,70,25,13,0,Carpenters,Top Of The World,1Ehdm1PDlKrdfyBsjwEvd1,0.379,0.343,10,-12.993,1,0.0385,0.806,0,0.0991,0.694,184.301
403,2020-05-26T08:49:48Z,2020-05-26T08:57:30Z,2020-05-26T08:57:30Z,Female,24,"Other, please write below",Domestic,Australia,Australian,Still going out for study/work,5,6,6,2,2,3,5,4,5,6,4,1,4,6,4,Alec Benjamin,Must have been the wind,2020-05-26T00:00:00Z,32,48,20,12,0,Alec Benjamin,Must Have Been The Wind,6lERHAmBCZmgODv3OYENXi,0.653,0.644,7,-6.204,1,0.0572,0.784,2.02e-4,0.161,0.363,88.968
408,2020-05-26T09:28:58Z,2020-05-26T09:46:07Z,2020-05-26T09:46:07Z,Male,18,Business,Domestic,Australia,Asian,Staying at home for study/work,1,5,5,5,5,5,4,3,5,1,5,1,1,1,5,Day6,Zombie,2020-05-26T00:00:00Z,41,31,22,12,0,DAY6,Zombie,4s0dJmVknlUl7V6oK3puzZ,0.79,0.542,0,-4.119,1,0.0438,0.0117,0,0.0818,0.527,121.982
409,2020-05-26T09:51:15Z,2020-05-26T10:07:30Z,2020-05-26T10:07:30Z,Male,19,Business,Domestic,Australia,N/A,Staying at home for study/work,5,5,4,6,4,5,5,3,2,1,5,5,5,1,4,Gorillaz,Feel Good,2020-05-26T00:00:00Z,33,51,21,10,0,Gorillaz,Feel Good Inc.,0d28khcov6AiegSCpG5TuT,0.818,0.705,6,-6.679,1,0.177,0.00836,0.00233,0.613,0.772,138.559
410,2020-05-26T10:08:22Z,2020-05-26T10:23:56Z,2020-05-26T10:23:56Z,Male,18,Business,Domestic,"Australia, UK",,Staying at home for study/work,4,4,2,3,4,1,5,2,3,5,3,2,5,2,2,Cigarettes after sex,K,2020-05-26T00:00:00Z,34,53,24,14,0,Cigarettes After Sex,K.,7LX4aXtvImhdgUHQBlo8Kp,0.454,0.404,3,-10.26,1,0.027,0.146,0.819,0.141,0.313,94.113
411,2020-05-26T10:27:17Z,2020-05-26T10:37:29Z,2020-05-26T10:37:30Z,Female,21,Business,Domestic,Australia/Germany,Australian,Staying at home for study/work,4,5,6,5,4,4,5,2,5,4,6,1,6,6,6,Aurora,Exist for Love,2020-05-26T00:00:00Z,48,59,20,6,0,AURORA,Exist for Love,4Quej1XuIGPLXvGWg4QA5J,0.423,0.36,9,-9.97,1,0.0284,0.782,0.0032,0.0811,0.258,145.744
412,2020-05-26T10:32:38Z,2020-05-26T10:44:48Z,2020-05-26T10:44:49Z,Female,22,Business,Domestic,Australia,,Still going out for study/work,4,3,3,4,3,4,3,4,6,1,4,1,4,4,3,The Cinematic Orchestra,To Build a Home,2020-05-26T00:00:00Z,50,52,15,2,0,"The Cinematic Orchestra,Patrick Watson",To Build A Home,3AqPL1n1wKc5DVFFnYuJhp,0.264,0.128,9,-15.443,1,0.034,0.885,0.352,0.105,0.0774,148.499
413,2020-05-26T10:55:46Z,2020-05-26T11:06:33Z,2020-05-26T11:06:34Z,Male,18,Business,Domestic,Australia,Australian,Still going out for study/work,1,4,3,2,2,4,4,3,4,1,1,1,4,2,4,David Bowie,Heroes,2020-05-26T00:00:00Z,31,64,21,8,0,David Bowie,Heroes - 2017 Remaster,7Jh1bpe76CNTCgdgAdBw4Z,0.49,0.758,7,-6.491,1,0.0297,6.71e-4,0.484,0.092,0.435,112.114
414,2020-05-26T11:03:53Z,2020-05-26T11:15:54Z,2020-05-26T11:15:54Z,Female,18,Business,Domestic,Australia,Australian,Staying at home for study/work,6,5,4,5,4,5,6,4,5,3,4,1,4,1,1,Natasha Bedingfield,Unwritten,2020-05-26T00:00:00Z,48,56,22,10,0,Natasha Bedingfield,Unwritten,1D1nixOVWOxvNfWi0UD7VX,0.706,0.801,5,-6.333,1,0.0399,0.00577,0,0.0822,0.63,100.013
415,2020-05-26T11:16:01Z,2020-05-26T11:23:44Z,2020-05-26T11:23:44Z,Female,19,Business,Domestic,Australia,Australian,Staying at home for study/work,4,5,2,4,4,3,1,1,5,5,1,1,1,1,4,The Cat Empire,Miserere,2020-05-26T00:00:00Z,39,65,15,10,0,The Cat Empire,Miserere,1clHXfUo51JDeRLQWWnEHO,0.408,0.175,10,-16.53,1,0.0306,0.26,0.411,0.105,0.159,174.761
416,2020-05-26T10:34:50Z,2020-05-26T11:32:32Z,2020-05-26T11:32:33Z,Male,19,Business,Domestic,"Australia, United Kingdom",None,Staying at home for study/work,5,4,2,4,4,3,3,3,4,4,2,2,4,4,3,Coldplay,Midnight,2020-05-26T00:00:00Z,44,48,15,7,0,Coldplay,Midnight,4GKk1uNzpxIptBuaY97Dkj,0.548,0.475,1,-12.42,1,0.0355,0.615,0.808,0.0944,0.0349,126.976
417,2020-05-26T11:34:33Z,2020-05-26T11:48:46Z,2020-05-26T11:48:46Z,Female,18,Business,Domestic,Australia,Australian,Staying at home for study/work,3,6,1,6,1,3,1,4,5,1,1,1,6,1,4,Lennon Stella,Kissing Other People,2020-05-26T00:00:00Z,41,59,19,3,0,Lennon Stella,Kissing Other People,4WjTbrxOPvSwQlajlE4aXH,0.691,0.662,2,-5.941,1,0.0738,0.548,2.43e-6,0.119,0.299,94.028
418,2020-05-26T11:50:17Z,2020-05-26T11:57:30Z,2020-05-26T11:57:31Z,Female,20,Business,Domestic,Australia,Australian-Filipino,Staying at home for study/work,4,6,4,6,5,2,3,6,5,6,4,1,5,6,6,Noah Cyrus,Young and Sad,2020-05-26T00:00:00Z,52,67,18,2,0,Noah Cyrus,Young & Sad,0gySkOOewOdZtHG8stPEB8,0.618,0.428,7,-8.5,0,0.038,0.592,0,0.192,0.359,142.021
420,2020-05-26T12:05:31Z,2020-05-26T12:35:53Z,2020-05-26T12:35:54Z,Female,18,Business,Domestic,Papua New Guinea,Pacific Islander,"Other, please specify",6,4,5,5,4,5,5,2,4,6,5,1,6,4,2,Bob Marley,Could You Be Loved,2020-05-27T00:00:00Z,46,37,18,11,0,Bob Marley & The Wailers,Could You Be Loved,5O4erNlJ74PIF6kGol1ZrC,0.916,0.72,0,-8.548,1,0.1,0.36,1.6e-4,0.0958,0.76,103.312
421,2020-05-26T12:32:34Z,2020-05-26T12:38:49Z,2020-05-26T12:38:49Z,Female,18,Business,Domestic,Australian,Australian,Still going out for study/work,4,5,4,6,4,4,5,5,6,4,4,1,5,5,5,Nickleback,If Today Was Your Last Day,2020-05-27T00:00:00Z,39,55,NA,6,0.030303030303030304,Nickelback,If Today Was Your Last Day,4QJLKU75Rg4558f4LbDBRi,0.485,0.911,3,-5.749,1,0.0355,8.6700000000000007e-05,0,0.092,0.568,89.956
422,2020-05-26T12:27:48Z,2020-05-26T12:43:49Z,2020-05-26T12:43:49Z,Prefer not to say,68,"Other, please write below",International,"Albania, Ukrain, Serbia",IRA,"Other, please specify",1,1,1,1,1,6,1,1,6,1,1,1,1,1,1,get,fucked,2020-05-27T00:00:00Z,13,30,35,20,0,Stevie Stone,Get Fucked Up,4xB1dkCcukBOG3X4v6vXuB,0.781,0.731,2,-5.87,0,0.0391,0.194,0,0.107,0.356,85.202
423,2020-05-26T12:44:29Z,2020-05-26T12:51:20Z,2020-05-26T12:51:21Z,Prefer not to say,25,"Other, please write below",Domestic,Algeria,Islam,"Other, please specify",2,2,2,2,2,2,2,2,2,2,2,2,2,2,2,fuck,off,2020-05-27T00:00:00Z,13,42,7,20,0,Tierra Whack,Fuck Off,4iFgO0Rmg5hXcPpM3RpayS,0.565,0.601,0,-3.876,1,0.0307,0.749,0,0.275,0.66,95.096
424,2020-05-26T14:15:45Z,2020-05-26T14:32:26Z,2020-05-26T14:32:27Z,Male,21,"Other, please write below",Domestic,"Australia, Ireland",Irish Australian,Still going out for study/work,6,3,6,2,6,6,6,2,4,2,6,1,4,2,4,Zedd,Clarity ft. Foxes,2020-05-27T00:00:00Z,45,43,28,18,0,Party Tyme Karaoke,Clarity (Made Popular By Zedd ft. Foxes) [Vocal Version],7gVBi8GE29QyOdxPKBMTbv,0.525,0.663,5,-10.094,0,0.0523,0.0022,5.4e-6,0.148,0.243,128.081
425,2020-05-26T14:50:34Z,2020-05-26T15:02:38Z,2020-05-26T15:02:39Z,Female,18,"Other, please write below",Domestic,Australia and Turkey,,Staying at home for study/work,4,5,4,5,5,3,5,4,5,5,4,1,5,4,5,ABBA,Angel eyes,2020-05-27T00:00:00Z,43,57,20,7,0,Symphonic Rock Project,Angel Eyes,1yMoUNqPZwlawi5u8irUPk,0.605,0.613,11,-8.924,1,0.0295,0.00194,1.19e-5,0.0791,0.822,132.841
427,2020-05-26T15:10:52Z,2020-05-26T15:36:49Z,2020-05-26T15:36:49Z,Female,43,"Other, please write below",Domestic,Australia,Australian,"Other, please specify",4,6,2,4,3,1,4,5,5,5,4,1,4,4,5,Pharell Williams,Happy,2020-05-27T00:00:00Z,55,61,20,3,0,Pharrell Williams,"Happy - From ""Despicable Me 2""",60nZcImufyMA1MKQY3dcCH,0.647,0.822,5,-4.662,0,0.183,0.219,0,0.0908,0.962,160.019
428,2020-05-26T15:33:25Z,2020-05-26T15:42:33Z,2020-05-26T15:42:34Z,Male,18,Business,Domestic,Australia,,Staying at home for study/work,3,5,5,3,2,4,4,5,2,2,2,1,5,5,3,Luke Combs,When it Rains it Pours,2020-05-27T00:00:00Z,40,56,19,14,0,Luke Combs,When It Rains It Pours,1mMLMZYXkMueg65jRRWG1l,0.551,0.801,6,-5.069,1,0.0303,0.013,6.03e-6,0.265,0.625,128.027
429,2020-05-26T15:42:02Z,2020-05-26T15:54:02Z,2020-05-26T15:54:02Z,Female,18,Business,Domestic,Australia,,Still going out for study/work,4,6,4,5,5,4,5,3,3,5,4,1,4,4,5,Chase Atlantic,Swim,2020-05-27T00:00:00Z,28,34,28,13,0,Chase Atlantic,Swim,3M0lSi5WW79CXQamgSBIjx,0.666,0.542,8,-6.429,1,0.0392,0.27,0,0.0765,0.0771,120.134
430,2020-05-26T16:03:44Z,2020-05-26T16:15:50Z,2020-05-26T16:15:50Z,Female,19,Business,International,Sri Lanka,Sinhalese/Tamil,Staying at home for study/work,4,6,4,5,4,1,4,5,4,1,5,1,1,6,5,Shaun,Way back home,2020-05-27T00:00:00Z,45,46,23,17,0,"SHAUN,Conor Maynard,Sam Feldt",Way Back Home (feat. Conor Maynard) - Sam Feldt Edit,1ZLrDPgR7mvuTco3rQK8Pk,0.737,0.747,10,-4.818,1,0.0323,0.269,0,0.219,0.447,105.943
431,2020-05-26T16:12:10Z,2020-05-26T16:25:05Z,2020-05-26T16:25:05Z,Male,20,Business,International,malaysia,chinese,Staying at home for study/work,5,3,4,1,3,5,5,1,1,3,5,2,3,5,4,Wiz Khalifa,"Young, Wild and Free",2020-05-27T00:00:00Z,40,62,22,8,0,"Snoop Dogg,Wiz Khalifa,Bruno Mars","Young, Wild & Free (feat. Bruno Mars)",5HQVUIKwCEXpe7JIHyY734,0.715,0.655,0,-6.425,1,0.137,0.0525,0,0.115,0.531,95.078
433,2020-05-26T16:23:39Z,2020-05-26T16:45:12Z,2020-05-26T16:45:12Z,Female,20,Business,International,Australia,no,Staying at home for study/work,1,4,4,5,2,1,1,5,6,3,1,1,6,6,6,Yo-Yo Ma,"Cello Suite No. 1 in G Major, BWV 1007:I. Prélude",2020-05-27T00:00:00Z,56,69,18,4,0,"Johann Sebastian Bach,Yo-Yo Ma","Cello Suite No. 1 in G Major, BWV 1007: I. Prélude",61dYvvfIRtIDFuqZypPAta,0.257,0.109,7,-21.356,1,0.0597,0.9,0.867,0.0762,0.307,75.02
434,2020-05-26T17:37:26Z,2020-05-26T17:54:32Z,2020-05-26T17:54:33Z,Male,20,Business,International,Hong Kong,Hongkongers,Staying at home for study/work,3,6,3,4,4,6,6,6,6,2,6,1,5,6,6,Taylor Swift,Any,2020-05-27T00:00:00Z,55,57,21,5,0,Tyler Conroy,Chapter 6: Who's Taylor Swift Anyway? - Live,0owWd2fReNoMChriJaaFF5,0.611,0.58,11,-9.504,1,0.488,0.748,0,0.684,0.775,90.167
436,2020-05-26T20:18:25Z,2020-05-26T20:28:26Z,2020-05-26T20:28:26Z,Male,18,"Other, please write below",Domestic,Australia,anglo-saxon/caucasian,Staying at home for study/work,5,4,5,4,3,3,4,3,3,5,1,1,5,4,5,Simple Plan,Jet Lag,2020-05-27T00:00:00Z,34,70,14,3,0,"Simple Plan,Natasha Bedingfield",Jet Lag (feat. Natasha Bedingfield),0peSmoFiYGaCkHibhLBGq2,0.535,0.962,11,-3.453,1,0.0638,0.00361,0,0.163,0.687,144.984
437,2020-05-26T20:17:31Z,2020-05-26T20:31:17Z,2020-05-26T20:31:17Z,Female,21,Business,Domestic,Australia,Hong Konger,Staying at home for study/work,3,6,4,4,4,4,2,3,6,4,5,1,4,4,4,Bruno Major,Easily,2020-05-27T00:00:00Z,49,38,24,18,0,Bruno Major,Easily,2k9N4caeCIJLOWwWwssrEM,0.772,0.256,7,-8.545,0,0.0481,0.491,0.00612,0.144,0.357,118.902
438,2020-05-26T19:19:36Z,2020-05-27T00:29:43Z,2020-05-27T00:29:44Z,Male,NA,Business,International,australia,,Staying at home for study/work,4,4,4,4,4,4,4,4,4,4,4,4,4,4,4,Taylor swift,Style,2020-05-27T00:00:00Z,39,36,21,20,0.030303030303030304,Taylor Swift,Style,4lIxdJw6W3Fg4vUIYCB0S5,0.598,0.786,2,-5.572,1,0.0382,0.00256,0.00143,0.117,0.456,95.021
439,2020-05-27T00:35:53Z,2020-05-27T00:44:33Z,2020-05-27T00:44:33Z,Male,18,Business,Domestic,Australi,European descent?,"Other, please specify",5,6,4,5,5,6,5,5,4,3,4,2,6,4,5,Frank Ocean,Ivy,2020-05-27T00:00:00Z,29,33,28,20,0,Frank Ocean,Ivy,2ZWlPOoWh0626oTaHrnl2a,0.567,0.388,9,-9.579,0,0.0384,0.782,3.09e-4,0.248,0.452,116.362
444,2020-05-27T13:37:25Z,2020-05-27T13:50:35Z,2020-05-27T13:50:36Z,Female,17,Business,Domestic,Australia,Australian,Staying at home for study/work,4,6,6,4,4,4,4,6,5,5,6,1,6,5,1,Salt 'n' Peppa,Shoop,2020-05-28T00:00:00Z,31,34,35,18,0,Salt-N-Pepa,Shoop,0Pu71wxadDlB8fJXfjIjeJ,0.939,0.675,0,-7.232,1,0.211,0.0915,0,0.0565,0.795,96.918
445,2020-05-27T15:24:59Z,2020-05-27T16:06:10Z,2020-05-27T16:06:11Z,Female,18,Business,Domestic,Australia,South Korean,Staying at home for study/work,1,4,5,5,5,6,5,2,2,1,6,4,2,1,5,IU,Eight,2020-05-28T00:00:00Z,51,68,21,6,0,"IU,SUGA",eight(Prod.&Feat. SUGA of BTS),0pYacDCZuRhcrwGUA5nTBe,0.676,0.869,1,-1.573,1,0.0423,0.115,0,0.132,0.594,120.029
449,2020-05-28T06:14:57Z,2020-05-28T06:33:33Z,2020-05-28T06:33:35Z,Male,19,Business,International,Malaysia,Chinese,Staying at home for study/work,4,5,6,2,2,5,5,6,6,5,1,3,4,1,1,Joe Hisaishi,The Bygone Days,2020-05-28T00:00:00Z,39,59,26,11,0,"Joe Hisaishi,daigoro789","The Bygone Days: Jazz Version (From ""Porco Rosso"") [For Piano Solo]",3hZH9sedvN7lMdRa4Y9pRE,0.507,0.0416,2,-26.937,1,0.055,0.99,0.907,0.101,0.18,100.671
450,2020-05-27T17:28:24Z,2020-05-28T08:42:40Z,2020-05-28T08:42:41Z,Female,18,Business,Domestic,Australia,Australian,Staying at home for study/work,4,6,5,2,1,3,4,5,6,1,1,1,4,5,6,do re mi,blackbear,2020-05-28T00:00:00Z,45,63,16,3,0,blackbear,do re mi,3Q3myFA7q4Op95DOpHplaY,0.745,0.593,8,-6.35,1,0.0526,0.00522,5.25e-6,0.123,0.17,111.002
451,2020-05-28T10:02:51Z,2020-05-28T10:34:55Z,2020-05-28T10:34:55Z,Female,18,Business,Domestic,"Australia, Germany",German,Staying at home for study/work,6,6,1,4,3,1,1,5,5,1,4,1,5,1,4,Demi Lovato,Wildfire,2020-05-28T00:00:00Z,37,32,20,15,0,Demi Lovato,Wildfire,7Av1FZIoT4N1okN5nuk12u,0.621,0.702,5,-3.903,0,0.038,0.513,0,0.0786,0.432,130.102
456,2020-05-28T16:31:39Z,2020-05-28T16:53:10Z,2020-05-28T16:53:10Z,Female,19,Business,Domestic,Australia and the USA,European-Australian,Staying at home for study/work,4,5,4,4,4,5,5,3,4,1,5,5,4,1,4,Lauren Daigle,Look up child,2020-05-29T00:00:00Z,34,45,23,13,0,Lauren Daigle,Look Up Child,3UUPQ4sAtAVnkcaSr06NBi,0.73,0.58,2,-5.813,1,0.0431,0.403,0,0.15,0.652,90.99
457,2020-05-29T04:10:25Z,2020-05-29T04:31:50Z,2020-05-29T04:31:50Z,Male,27,Psychology,International,Singapore,Eurasian,Staying at home for study/work,5,6,4,6,4,5,4,3,5,4,5,1,5,5,3,Father's Children,Dirt and Grime,2020-05-29T00:00:00Z,36,53,20,8,0,Fathers Children,Dirt And Grime,3QbxssGJGFOvHEk6t6l3x7,0.545,0.507,0,-7.534,0,0.0392,0.349,2.92e-6,0.157,0.695,124.311
464,2020-05-31T11:42:43Z,2020-05-31T11:52:39Z,2020-05-31T11:52:40Z,Female,21,Psychology,International,Indonesia,Javanese,Staying at home for study/work,4,4,5,5,3,4,5,2,3,4,4,1,5,4,4,Joy Crookes,Anyone But Me,2020-05-31T00:00:00Z,50,71,17,0,0,Joy Crookes,Anyone But Me,40KxHanilxLVRq4DY5pnm7,0.618,0.421,11,-7.779,0,0.303,0.534,4.56e-4,0.104,0.338,143.954
468,2020-06-01T15:58:48Z,2020-06-01T16:10:04Z,2020-06-01T16:10:05Z,Female,18,"Other, please write below",Domestic,Australia,Australian,Staying at home for study/work,3,5,1,4,2,2,2,3,4,3,3,1,5,3,5,matisse and sadko,get busy,2020-06-02T00:00:00Z,23,73,13,5,0,"Matisse & Sadko,TITUS",Get Busy (feat. TITUS),1PfPC9DsG4K1F6rt6u43pF,0.678,0.863,11,-4.515,0,0.39,0.0797,2.8e-4,0.828,0.404,128.003
470,2020-05-25T20:34:53Z,2020-05-25T20:42:40Z,2020-06-01T20:43:19Z,Female,18,"Other, please write below",Domestic,New Zealand,Indian,Staying at home for study/work,4,5,5,6,5,6,6,6,5,6,6,3,6,6,5,Don Omar,Danza Kuduro,2020-06-02T00:00:00Z,53,46,NA,NA,0.06060606060606061,"Don Omar,Lucenzo",Danza Kuduro,2a1o6ZejUi8U3wzzOtCOYw,0.4,0.915,0,-4.89,1,0.28,0.0846,0,0.0503,0.878,88.917
471,2020-05-25T20:37:02Z,2020-05-25T20:43:28Z,2020-06-01T20:43:38Z,Male,19,Business,International,Canada,Phillipines,Staying at home for study/work,3,4,5,1,2,1,2,2,2,2,3,1,1,3,5,RINI,Favourite Clothes,2020-06-02T00:00:00Z,51,58,NA,NA,0.06060606060606061,RINI,My Favourite Clothes,2ZwIO3ufWLFYxtEoam9ydu,0.746,0.339,2,-9.041,1,0.144,0.482,1.36e-5,0.0838,0.291,119.924
473,2020-05-25T20:44:03Z,2020-05-25T20:51:36Z,2020-06-01T20:51:50Z,Female,20,Business,International,Hong Kong,Hong Kong,Staying at home for study/work,1,4,3,4,4,3,3,5,5,4,4,1,1,2,3,Carla Bruni,Little French Song,2020-06-02T00:00:00Z,47,50,NA,NA,0.06060606060606061,Carla Bruni,Little French Song,1gJd5k27Z2HeoJoP8ZDIxW,0.834,0.409,11,-6.601,1,0.054,0.892,0,0.0999,0.502,112.072
486,2020-05-26T19:58:03Z,2020-05-26T20:11:43Z,2020-06-02T20:11:50Z,Female,19,Business,International,Hong Kong,Christians,Staying at home for study/work,2,4,4,2,5,5,5,5,2,2,4,4,3,4,4,Bruno Mars,Just The Way You Are,2020-06-03T00:00:00Z,50,53,18,8,0,Bruno Mars,Just the Way You Are,7BqBn9nzAq8spo5e7cZ0dJ,0.637,0.843,5,-5.413,1,0.0432,0.0151,0,0.0876,0.434,109.012
489,2020-06-03T18:31:08Z,2020-06-03T18:43:41Z,2020-06-03T18:43:42Z,Female,18,"Other, please write below",Domestic,"Australia, Sri Lanka",Sinhalese,Staying at home for study/work,1,5,4,5,4,5,5,4,3,6,5,3,5,5,5,Cat Stevens,The Wind,2020-06-04T00:00:00Z,31,50,26,12,0,Yusuf / Cat Stevens,The Wind,1rHMg7t3LICgfTl2OsDn46,0.758,0.187,2,-18.963,1,0.0437,0.927,0.1,0.122,0.78,115.75
492,2020-06-05T19:07:37Z,2020-06-05T19:25:26Z,2020-06-05T19:25:26Z,Female,21,Psychology,International,India,Indian,Staying at home for study/work,5,5,4,4,2,5,5,4,5,5,4,4,3,5,5,Doja Cat,Say so,2020-06-06T00:00:00Z,40,37,27,15,0,Doja Cat,Say So,3Dv1eDb0MEgF93GpLXlucZ,0.787,0.673,11,-4.577,0,0.158,0.256,3.57e-6,0.0904,0.786,110.962
